-- phpMyAdmin SQL Dump
-- version 5.2.1
-- https://www.phpmyadmin.net/
--
-- Máy chủ: 127.0.0.1
-- Thời gian đã tạo: Th12 12, 2024 lúc 05:04 PM
-- Phiên bản máy phục vụ: 10.4.32-MariaDB
-- Phiên bản PHP: 8.2.12

SET SQL_MODE = "NO_AUTO_VALUE_ON_ZERO";
START TRANSACTION;
SET time_zone = "+00:00";


/*!40101 SET @OLD_CHARACTER_SET_CLIENT=@@CHARACTER_SET_CLIENT */;
/*!40101 SET @OLD_CHARACTER_SET_RESULTS=@@CHARACTER_SET_RESULTS */;
/*!40101 SET @OLD_COLLATION_CONNECTION=@@COLLATION_CONNECTION */;
/*!40101 SET NAMES utf8mb4 */;

--
-- Cơ sở dữ liệu: `obtbms`
--

-- --------------------------------------------------------

--
-- Cấu trúc bảng cho bảng `bus`
--

CREATE TABLE `bus` (
  `bus_id` int(11) NOT NULL,
  `type_id` int(11) NOT NULL,
  `license_plate` varchar(255) NOT NULL,
  `brand` varchar(255) DEFAULT NULL
) ENGINE=InnoDB DEFAULT CHARSET=utf8mb4 COLLATE=utf8mb4_general_ci;

--
-- Đang đổ dữ liệu cho bảng `bus`
--

INSERT INTO `bus` (`bus_id`, `type_id`, `license_plate`, `brand`) VALUES
(1, 1, '66A-000.10', 'Hyundai'),
(4, 1, '66A-000.11', 'Hyundai'),
(5, 1, '66A-000.12', 'Hyundai'),
(6, 1, '66A-000.13', 'Hyundai'),
(7, 1, '66A-000.14', 'Hyundai'),
(8, 1, '66A-000.15', 'Hyundai'),
(9, 1, '66A-000.16', 'Hyundai'),
(10, 1, '66A-000.17', 'Hyundai'),
(11, 1, '66A-000.18', 'Hyundai'),
(12, 1, '66A-000.19', 'Hyundai'),
(13, 2, '66A-000.20', 'Hyundai'),
(14, 2, '66A-000.21', 'Hyundai'),
(15, 2, '66A-000.22', 'Hyundai'),
(16, 2, '66A-000.23', 'Hyundai'),
(17, 2, '66A-000.24', 'Hyundai'),
(18, 2, '66A-000.25', 'Hyundai'),
(19, 2, '66A-000.26', 'Hyundai'),
(20, 2, '66A-000.27', 'Hyundai'),
(21, 2, '66A-000.28', 'Hyundai'),
(22, 2, '66A-000.29', 'Hyundai'),
(23, 3, '66A-000.30', 'Hyundai'),
(24, 3, '66A-000.31', 'Hyundai'),
(25, 3, '66A-000.32', 'Hyundai'),
(26, 3, '66A-000.33', 'Hyundai'),
(27, 3, '66A-000.34', 'Hyundai'),
(28, 3, '66A-000.35', 'Hyundai'),
(29, 3, '66A-000.36', 'Hyundai'),
(30, 3, '66A-000.37', 'Hyundai'),
(31, 3, '66A-000.38', 'Hyundai'),
(32, 3, '66A-000.39', 'Hyundai');

-- --------------------------------------------------------

--
-- Cấu trúc bảng cho bảng `bus_type`
--

CREATE TABLE `bus_type` (
  `type_id` int(11) NOT NULL,
  `type_name` varchar(255) NOT NULL,
  `seat_count` int(11) NOT NULL
) ENGINE=InnoDB DEFAULT CHARSET=utf8mb4 COLLATE=utf8mb4_general_ci;

--
-- Đang đổ dữ liệu cho bảng `bus_type`
--

INSERT INTO `bus_type` (`type_id`, `type_name`, `seat_count`) VALUES
(1, 'Limousine', 34),
(2, 'Giường', 44),
(3, 'Ghế', 28);

-- --------------------------------------------------------

--
-- Cấu trúc bảng cho bảng `dates`
--

CREATE TABLE `dates` (
  `date_id` int(11) NOT NULL,
  `date` date NOT NULL
) ENGINE=InnoDB DEFAULT CHARSET=utf8mb4 COLLATE=utf8mb4_general_ci;

--
-- Đang đổ dữ liệu cho bảng `dates`
--

INSERT INTO `dates` (`date_id`, `date`) VALUES
(1, '2024-01-01'),
(2, '2024-01-02'),
(3, '2024-01-03'),
(4, '2024-01-04'),
(5, '2024-01-05'),
(6, '2024-01-06'),
(7, '2024-01-07'),
(8, '2024-01-08'),
(9, '2024-01-09'),
(10, '2024-01-10'),
(11, '2024-01-11'),
(12, '2024-01-12'),
(13, '2024-01-13'),
(14, '2024-01-14'),
(15, '2024-01-15'),
(16, '2024-01-16'),
(17, '2024-01-17'),
(18, '2024-01-18'),
(19, '2024-01-19'),
(20, '2024-01-20'),
(21, '2024-01-21'),
(22, '2024-01-22'),
(23, '2024-01-23'),
(24, '2024-01-24'),
(25, '2024-01-25'),
(26, '2024-01-26'),
(27, '2024-01-27'),
(28, '2024-01-28'),
(29, '2024-01-29'),
(30, '2024-01-30'),
(31, '2024-01-31'),
(32, '2024-08-01'),
(33, '2024-08-02'),
(34, '2024-08-03'),
(35, '2024-08-04'),
(36, '2024-08-05'),
(37, '2024-08-06'),
(38, '2024-08-07'),
(39, '2024-08-08'),
(40, '2024-08-09'),
(41, '2024-08-10'),
(42, '2024-08-11'),
(43, '2024-08-12'),
(44, '2024-08-13'),
(45, '2024-08-14'),
(46, '2024-08-15'),
(47, '2024-08-16'),
(48, '2024-08-17'),
(49, '2024-08-18'),
(50, '2024-08-19'),
(51, '2024-08-20'),
(52, '2024-08-21'),
(53, '2024-08-22'),
(54, '2024-08-23'),
(55, '2024-08-24'),
(56, '2024-08-25'),
(57, '2024-08-26'),
(58, '2024-08-27'),
(59, '2024-08-28'),
(60, '2024-09-01'),
(61, '2024-09-02'),
(62, '2024-09-03'),
(63, '2024-09-04'),
(64, '2024-09-05'),
(65, '2024-09-06'),
(66, '2024-09-07'),
(67, '2024-09-08'),
(68, '2024-09-09'),
(69, '2024-09-10'),
(70, '2024-09-11'),
(71, '2024-09-12'),
(72, '2024-09-13'),
(73, '2024-09-14'),
(74, '2024-09-15'),
(75, '2024-09-16'),
(76, '2024-09-17'),
(77, '2024-09-18'),
(78, '2024-09-19'),
(79, '2024-09-20'),
(80, '2024-09-21'),
(81, '2024-09-22'),
(82, '2024-09-23'),
(83, '2024-09-24'),
(84, '2024-09-25'),
(85, '2024-09-26'),
(86, '2024-09-27'),
(87, '2024-09-28'),
(88, '2024-09-29'),
(89, '2024-09-30'),
(90, '0000-00-00'),
(91, '2024-04-01'),
(92, '2024-04-02'),
(93, '2024-04-03'),
(94, '2024-04-04'),
(95, '2024-04-05'),
(96, '2024-04-06'),
(97, '2024-04-07'),
(98, '2024-04-08'),
(99, '2024-04-09'),
(100, '2024-04-10'),
(101, '2024-04-11'),
(102, '2024-04-12'),
(103, '2024-04-13'),
(104, '2024-04-14'),
(105, '2024-04-15'),
(106, '2024-04-16'),
(107, '2024-04-17'),
(108, '2024-04-18'),
(109, '2024-04-19'),
(110, '2024-04-20'),
(111, '2024-04-21'),
(112, '2024-04-22'),
(113, '2024-04-23'),
(114, '2024-04-24'),
(115, '2024-04-25'),
(116, '2024-04-26'),
(117, '2024-04-27'),
(118, '2024-04-28'),
(119, '2024-04-29'),
(120, '2024-04-30'),
(121, '2024-05-01'),
(122, '2024-05-02'),
(123, '2024-05-03'),
(124, '2024-05-04'),
(125, '2024-05-05'),
(126, '2024-05-06'),
(127, '2024-05-07'),
(128, '2024-05-08'),
(129, '2024-05-09'),
(130, '2024-05-10'),
(131, '2024-05-11'),
(132, '2024-05-12'),
(133, '2024-05-13'),
(134, '2024-05-14'),
(135, '2024-05-15'),
(136, '2024-05-16'),
(137, '2024-05-17'),
(138, '2024-05-18'),
(139, '2024-05-19'),
(140, '2024-05-20'),
(141, '2024-05-21'),
(142, '2024-05-22'),
(143, '2024-05-23'),
(144, '2024-05-24'),
(145, '2024-05-25'),
(146, '2024-05-26'),
(147, '2024-05-27'),
(148, '2024-05-28'),
(149, '2024-05-29'),
(150, '2024-05-30'),
(151, '2024-05-31'),
(152, '2024-06-01'),
(153, '2024-06-02'),
(154, '2024-06-03'),
(155, '2024-06-04'),
(156, '2024-06-05'),
(157, '2024-06-06'),
(158, '2024-06-07'),
(159, '2024-06-08'),
(160, '2024-06-09'),
(161, '2024-06-10'),
(162, '2024-06-11'),
(163, '2024-06-12'),
(164, '2024-06-13'),
(165, '2024-06-14'),
(166, '2024-06-15'),
(167, '2024-06-16'),
(168, '2024-06-17'),
(169, '2024-06-18'),
(170, '2024-06-19'),
(171, '2024-06-20'),
(172, '2024-06-21'),
(173, '2024-06-22'),
(174, '2024-06-23'),
(175, '2024-06-24'),
(176, '2024-06-25'),
(177, '2024-06-26'),
(178, '2024-06-27'),
(179, '2024-06-28'),
(180, '2024-06-29'),
(181, '2024-06-30'),
(182, '2024-07-01'),
(183, '2024-07-02'),
(184, '2024-07-03'),
(185, '2024-07-04'),
(186, '2024-07-05'),
(187, '2024-07-06'),
(188, '2024-07-07'),
(189, '2024-07-08'),
(190, '2024-07-09'),
(191, '2024-07-10'),
(192, '2024-07-11'),
(193, '2024-07-12'),
(194, '2024-07-13'),
(195, '2024-07-14'),
(196, '2024-07-15'),
(197, '2024-07-16'),
(198, '2024-07-17'),
(199, '2024-07-18'),
(200, '2024-07-19'),
(201, '2024-07-20'),
(202, '2024-07-21'),
(203, '2024-07-22'),
(204, '2024-07-23'),
(205, '2024-07-24'),
(206, '2024-07-25'),
(207, '2024-07-26'),
(208, '2024-07-27'),
(209, '2024-07-28'),
(210, '2024-07-29'),
(211, '2024-07-30'),
(212, '2024-07-31'),
(213, '2024-08-01'),
(214, '2024-08-02'),
(215, '2024-08-03'),
(216, '2024-08-04'),
(217, '2024-08-05'),
(218, '2024-08-06'),
(219, '2024-08-07'),
(220, '2024-08-08'),
(221, '2024-08-09'),
(222, '2024-08-10'),
(223, '2024-08-11'),
(224, '2024-08-12'),
(225, '2024-08-13'),
(226, '2024-08-14'),
(227, '2024-08-15'),
(228, '2024-08-16'),
(229, '2024-08-17'),
(230, '2024-08-18'),
(231, '2024-08-19'),
(232, '2024-08-20'),
(233, '2024-08-21'),
(234, '2024-08-22'),
(235, '2024-08-23'),
(236, '2024-08-24'),
(237, '2024-08-25'),
(238, '2024-08-26'),
(239, '2024-08-27'),
(240, '2024-08-28'),
(241, '2024-08-29'),
(242, '2024-08-30'),
(243, '2024-08-31'),
(244, '2024-09-01'),
(245, '2024-09-02'),
(246, '2024-09-03'),
(247, '2024-09-04'),
(248, '2024-09-05'),
(249, '2024-09-06'),
(250, '2024-09-07'),
(251, '2024-09-08'),
(252, '2024-09-09'),
(253, '2024-09-10'),
(254, '2024-09-11'),
(255, '2024-09-12'),
(256, '2024-09-13'),
(257, '2024-09-14'),
(258, '2024-09-15'),
(259, '2024-09-16'),
(260, '2024-09-17'),
(261, '2024-09-18'),
(262, '2024-09-19'),
(263, '2024-09-20'),
(264, '2024-09-21'),
(265, '2024-09-22'),
(266, '2024-09-23'),
(267, '2024-09-24'),
(268, '2024-09-25'),
(269, '2024-09-26'),
(270, '2024-09-27'),
(271, '2024-09-28'),
(272, '2024-09-29'),
(273, '2024-09-30'),
(274, '2024-10-01'),
(275, '2024-10-02'),
(276, '2024-10-03'),
(277, '2024-10-04'),
(278, '2024-10-05'),
(279, '2024-10-06'),
(280, '2024-10-07'),
(281, '2024-10-08'),
(282, '2024-10-09'),
(283, '2024-10-10'),
(284, '2024-10-11'),
(285, '2024-10-12'),
(286, '2024-10-13'),
(287, '2024-10-14'),
(288, '2024-10-15'),
(289, '2024-10-16'),
(290, '2024-10-17'),
(291, '2024-10-18'),
(292, '2024-10-19'),
(293, '2024-10-20'),
(294, '2024-10-21'),
(295, '2024-10-22'),
(296, '2024-10-23'),
(297, '2024-10-24'),
(298, '2024-10-25'),
(299, '2024-10-26'),
(300, '2024-10-27'),
(301, '2024-10-28'),
(302, '2024-10-29'),
(303, '2024-10-30'),
(304, '2024-10-31'),
(305, '2024-11-01'),
(306, '2024-11-02'),
(307, '2024-11-03'),
(308, '2024-11-04'),
(309, '2024-11-05'),
(310, '2024-11-06'),
(311, '2024-11-07'),
(312, '2024-11-08'),
(313, '2024-11-09'),
(314, '2024-11-10'),
(315, '2024-11-11'),
(316, '2024-11-12'),
(317, '2024-11-13'),
(318, '2024-11-14'),
(319, '2024-11-15'),
(320, '2024-11-16'),
(321, '2024-11-17'),
(322, '2024-11-18'),
(323, '2024-11-19'),
(324, '2024-11-20'),
(325, '2024-11-21'),
(326, '2024-11-22'),
(327, '2024-11-23'),
(328, '2024-11-24'),
(329, '2024-11-25'),
(330, '2024-11-26'),
(331, '2024-11-27'),
(332, '2024-11-28'),
(333, '2024-11-29'),
(334, '2024-11-30'),
(335, '2024-12-01'),
(336, '2024-12-02'),
(337, '2024-12-03'),
(338, '2024-12-04'),
(339, '2024-12-05'),
(340, '2024-12-06'),
(341, '2024-12-07'),
(342, '2024-12-08'),
(343, '2024-12-09'),
(344, '2024-12-10'),
(345, '2024-12-11'),
(346, '2024-12-12'),
(347, '2024-12-13'),
(348, '2024-12-14'),
(349, '2024-12-15'),
(350, '2024-12-16'),
(351, '2024-12-17'),
(352, '2024-12-18'),
(353, '2024-12-19'),
(354, '2024-12-20'),
(355, '2024-12-21'),
(356, '2024-12-22'),
(357, '2024-12-23'),
(358, '2024-12-24'),
(359, '2024-12-25'),
(360, '2024-12-26'),
(361, '2024-12-27'),
(362, '2024-12-28'),
(363, '2024-12-29'),
(364, '2024-12-30'),
(365, '2024-12-31');

-- --------------------------------------------------------

--
-- Cấu trúc bảng cho bảng `driver`
--

CREATE TABLE `driver` (
  `driver_id` int(11) NOT NULL,
  `email` varchar(255) NOT NULL,
  `driver_license` varchar(255) NOT NULL
) ENGINE=InnoDB DEFAULT CHARSET=utf8mb4 COLLATE=utf8mb4_general_ci;

--
-- Đang đổ dữ liệu cho bảng `driver`
--

INSERT INTO `driver` (`driver_id`, `email`, `driver_license`) VALUES
(1, 'anhhoang@gmail.com', 'E'),
(2, 'anhnam@gmail.com', 'E'),
(3, 'congbinh@gmail.com', 'E'),
(4, 'duyhuy@gmail.com', 'E'),
(5, 'duyhuynh@gmail.com', 'E'),
(6, 'giathinh@gmail.com', 'E'),
(7, 'hoangduy@gmail.com', 'E'),
(8, 'hoangthang@gmail.com', 'E'),
(9, 'hoathu@gmail.com', 'E'),
(10, 'hongson@gmail.com', 'E'),
(11, 'huulong@gmail.com', 'E'),
(12, 'huutri@gmail.com', 'E'),
(13, 'huyphuoc@gmail.com', 'E'),
(14, 'khanh@gmail.com', 'E'),
(15, 'luuthienviet@gmail.com', 'E'),
(16, 'ngoc@gmail.com', 'E'),
(17, 'nhatlinh@gmail.com', 'E'),
(18, 'phamanh@gmail.com', 'E'),
(19, 'phonghao@gmail.com', 'E'),
(20, 'quocdat@gmail.com', 'E'),
(21, 'quochai@gmail.com', 'E'),
(22, 'sibe@gmail.com', 'E'),
(23, 'thaike@gmail.com', 'E'),
(24, 'thaitrieu@gmail.com', 'E'),
(25, 'thanhlam@gmail.com', 'E'),
(26, 'thienviet@gmail.com', 'E'),
(27, 'tuankhoa@gmail.com', 'E'),
(28, 'vanphap@gmail.com', 'E'),
(29, 'vantra@gmail.com', 'E'),
(30, 'xuanphu@gmail.com', 'E');

-- --------------------------------------------------------

--
-- Cấu trúc bảng cho bảng `driver_bus`
--

CREATE TABLE `driver_bus` (
  `driver_id` int(11) NOT NULL,
  `bus_id` int(11) NOT NULL,
  `start_time` date NOT NULL DEFAULT current_timestamp(),
  `end_time` date DEFAULT NULL
) ENGINE=InnoDB DEFAULT CHARSET=utf8mb4 COLLATE=utf8mb4_general_ci;

--
-- Đang đổ dữ liệu cho bảng `driver_bus`
--

INSERT INTO `driver_bus` (`driver_id`, `bus_id`, `start_time`, `end_time`) VALUES
(1, 1, '2024-08-28', NULL),
(2, 4, '2024-08-28', NULL),
(3, 5, '2023-08-28', NULL),
(4, 6, '2024-08-28', NULL),
(5, 7, '2023-08-28', NULL),
(6, 8, '2023-08-28', NULL),
(7, 9, '2023-08-28', NULL),
(8, 10, '2023-08-28', NULL),
(9, 11, '2023-08-28', NULL),
(10, 12, '2023-08-28', NULL),
(11, 13, '2023-08-28', NULL),
(12, 14, '2023-08-28', NULL),
(13, 15, '2023-08-28', NULL),
(14, 16, '2023-08-28', NULL),
(15, 17, '2023-08-28', NULL),
(16, 18, '2023-08-28', NULL),
(17, 19, '2023-08-28', NULL),
(18, 20, '2023-08-28', NULL),
(19, 21, '2023-08-28', NULL),
(20, 22, '2023-08-28', NULL),
(21, 23, '2023-08-28', NULL),
(22, 24, '2023-08-28', NULL),
(23, 25, '2023-08-28', NULL),
(24, 26, '2023-08-28', NULL),
(25, 27, '2023-08-28', NULL),
(26, 28, '2023-08-28', NULL),
(27, 29, '2023-08-28', NULL),
(28, 30, '2023-08-28', NULL),
(29, 31, '2023-08-28', NULL),
(30, 32, '2023-08-28', NULL);

-- --------------------------------------------------------

--
-- Cấu trúc bảng cho bảng `location`
--

CREATE TABLE `location` (
  `location_id` int(11) NOT NULL,
  `location_name` varchar(255) NOT NULL,
  `location_code` varchar(255) NOT NULL
) ENGINE=InnoDB DEFAULT CHARSET=utf8mb4 COLLATE=utf8mb4_general_ci;

--
-- Đang đổ dữ liệu cho bảng `location`
--

INSERT INTO `location` (`location_id`, `location_name`, `location_code`) VALUES
(1, 'Cần Thơ', 'CANTHO'),
(7, 'Khánh Hòa', 'KHANHHOA'),
(2, 'TP. Hồ Chí Minh', 'TPHCM'),
(4, 'Vũng Tàu', 'VUNGTAU'),
(3, 'Đà Lạt', 'DALAT'),
(6, 'Đà Nẵng', 'DANANG'),
(5, 'Đồng Tháp', 'DONGTHAP');

-- --------------------------------------------------------

--
-- Cấu trúc bảng cho bảng `reset_password`
--

CREATE TABLE `reset_password` (
  `email` varchar(255) NOT NULL,
  `reset_pwd_id` int(11) NOT NULL,
  `reset_pwd_token` varchar(255) NOT NULL,
  `expiration_time` bigint(20) NOT NULL
) ENGINE=InnoDB DEFAULT CHARSET=utf8mb4 COLLATE=utf8mb4_general_ci;

--
-- Đang đổ dữ liệu cho bảng `reset_password`
--

INSERT INTO `reset_password` (`email`, `reset_pwd_id`, `reset_pwd_token`, `expiration_time`) VALUES
('admin@gmail.com', 16, 'onTnDSBaV0zBYQ9BcuWwf2MgoemimHAD', 1729319865903),
('admin@gmail.com', 17, '1gxoHnSNDx0EcTwmBEL6V48o1XtIgTMs', 1729319866722),
('aaa@gmail.com', 18, 'rMV5iUStUh3pgeRuMFB2oUkiKrvkGGvb', 1729327177009),
('bachhieu0172@gmail.com', 19, '2Jh2Sg2NV8wRiZdhCayF7onrSErfJjYd', 1729327382577),
('bachhieu0172@gmail.com', 21, '2pL3s8eN2nI4L3773wFhb6Mjgd5TIzCP', 1729327456401);

-- --------------------------------------------------------

--
-- Cấu trúc bảng cho bảng `role`
--

CREATE TABLE `role` (
  `role_id` int(11) NOT NULL,
  `role_name` varchar(255) NOT NULL
) ENGINE=InnoDB DEFAULT CHARSET=utf8mb4 COLLATE=utf8mb4_general_ci;

--
-- Đang đổ dữ liệu cho bảng `role`
--

INSERT INTO `role` (`role_id`, `role_name`) VALUES
(1, 'ROLE_ADMIN'),
(2, 'ROLE_EMPLOYEE'),
(3, 'ROLE_USER');

-- --------------------------------------------------------

--
-- Cấu trúc bảng cho bảng `role_user`
--

CREATE TABLE `role_user` (
  `role_id` int(11) NOT NULL,
  `email_user` varchar(255) NOT NULL
) ENGINE=InnoDB DEFAULT CHARSET=utf8mb4 COLLATE=utf8mb4_general_ci;

--
-- Đang đổ dữ liệu cho bảng `role_user`
--

INSERT INTO `role_user` (`role_id`, `email_user`) VALUES
(1, 'aaa@gmail.com'),
(1, 'helloworld@gmail.com'),
(1, 'nqbao20042003@gmail.com'),
(2, 'aaa1@gmail.com'),
(2, 'admin@gmail.com'),
(2, 'anhhoang@gmail.com'),
(2, 'anhnam@gmail.com'),
(2, 'congbinh@gmail.com'),
(2, 'duyhuy@gmail.com'),
(2, 'duyhuynh@gmail.com'),
(2, 'employee@gmail.com'),
(2, 'giathinh@gmail.com'),
(2, 'hoangduy@gmail.com'),
(2, 'hoangthang@gmail.com'),
(2, 'hoathu@gmail.com'),
(2, 'hongson@gmail.com'),
(2, 'huulong@gmail.com'),
(2, 'huutri@gmail.com'),
(2, 'huyphuoc@gmail.com'),
(2, 'khanh@gmail.com'),
(2, 'luuthienviet@gmail.com'),
(2, 'ngoc@gmail.com'),
(2, 'nhatlinh@gmail.com'),
(2, 'nqbao20042003@gmail.com'),
(2, 'phamanh@gmail.com'),
(2, 'phonghao@gmail.com'),
(2, 'quocdat@gmail.com'),
(2, 'quochai@gmail.com'),
(2, 'sibe@gmail.com'),
(2, 'thaike@gmail.com'),
(2, 'thaitrieu@gmail.com'),
(2, 'thanhlam@gmail.com'),
(2, 'thienviet@gmail.com'),
(2, 'tuankhoa@gmail.com'),
(2, 'vanphap@gmail.com'),
(2, 'vantra@gmail.com'),
(2, 'xuanphu@gmail.com'),
(3, 'bachhieu0172@gmail.com'),
(3, 'nqbao20042003@gmail.com'),
(3, 'user@gmail.com');

-- --------------------------------------------------------

--
-- Cấu trúc bảng cho bảng `route`
--

CREATE TABLE `route` (
  `route_id` int(11) NOT NULL,
  `origin_id` int(50) NOT NULL,
  `destination_id` int(50) NOT NULL,
  `journey_duration` varchar(255) NOT NULL,
  `route_length` varchar(255) NOT NULL,
  `price` float DEFAULT NULL
) ENGINE=InnoDB DEFAULT CHARSET=utf8mb4 COLLATE=utf8mb4_general_ci;

--
-- Đang đổ dữ liệu cho bảng `route`
--

INSERT INTO `route` (`route_id`, `origin_id`, `destination_id`, `journey_duration`, `route_length`, `price`) VALUES
(1, 1, 2, '4', '166', 165000),
(2, 1, 3, '11', '459', 430000),
(3, 1, 4, '6', '247', 285000),
(4, 2, 1, '4', '166', 165000),
(5, 4, 1, '6', '247', 285000),
(6, 3, 1, '11', '459', 430000),
(7, 7, 2, '8', '385', 450000),
(8, 2, 7, '8', '385', 450000),
(9, 7, 1, '10', '450', 600000);

-- --------------------------------------------------------

--
-- Cấu trúc bảng cho bảng `route_point`
--

CREATE TABLE `route_point` (
  `location_id` int(11) NOT NULL,
  `point_id` int(11) NOT NULL,
  `point_name` varchar(255) NOT NULL,
  `address_detail` varchar(255) NOT NULL,
  `link_gg_map` varchar(255) NOT NULL
) ENGINE=InnoDB DEFAULT CHARSET=utf8mb4 COLLATE=utf8mb4_general_ci;

--
-- Đang đổ dữ liệu cho bảng `route_point`
--

INSERT INTO `route_point` (`location_id`, `point_id`, `point_name`, `address_detail`, `link_gg_map`) VALUES
(1, 1, 'Cần Thơ', 'VP Bến xe Trung Tâm Cần Thơ: P.Hưng Thạnh , Q. Cái Răng , TP.Cần Thơ', 'https://www.google.com/maps/search/VP%20B%E1%BA%BFn%20xe%20Trung%20T%C3%A2m%20C%E1%BA%A7n%20Th%C6%A1:%20P.H%C6%B0ng%20Th%E1%BA%A1nh%20,%20Q.%20C%C3%A1i%20R%C4%83ng%20,%20TP.C%E1%BA%A7n%20Th%C6%A1'),
(2, 2, 'BX Miền Đông Mới', '39448 Xa Lộ Hà Nội, Phường Long Bình, TP Thủ Đức, TPHCM', 'https://www.google.com/maps/place/39448+%C4%90.+V%C3%B5+Nguy%C3%AAn+Gi%C3%A1p,+Ph%C6%B0%E1%BB%9Dng+Linh+Trung,+Th%E1%BB%A7+%C4%90%E1%BB%A9c,+Th%C3%A0nh+ph%E1%BB%91+H%E1%BB%93+Ch%C3%AD+Minh/@10.8636141,106.7803881,13.48z/data=!4m6!3m5!1s0x31752765f7918839:'),
(2, 3, 'BX Miền Tây', 'VP BX Miền Tây: 395 Kinh Dương Vương , P.An Lạc , Q.Bình Tân , TP.HCM', 'https://www.google.com/maps/search/VP+BX+Mi%E1%BB%81n+T%C3%A2y:+395+Kinh+D%C6%B0%C6%A1ng+V%C6%B0%C6%A1ng+,+P.An+L%E1%BA%A1c+,+Q.B%C3%ACnh+T%C3%A2n+,+TP.HCM/@10.7409765,106.6188124,17z?entry=ttu'),
(5, 4, 'Cao Lãnh', 'QL30 An Định, Xã An Bình, Huyện Cao Lãnh, Đồng Tháp', 'https://www.google.com/maps/search/QL30+An+%C4%90%E1%BB%8Bnh,+X%C3%A3+An+B%C3%ACnh,+Huy%E1%BB%87n+Cao+L%C3%A3nh,+%C4%90%E1%BB%93ng+Th%C3%A1p/@10.4556321,105.66767,13.73z?entry=ttu'),
(3, 5, 'Đà Lạt', 'VP Đà Lạt, 01 Tô Hiến Thành , P.3 , TP.Đà Lạt, Lâm Đồng', 'https://www.google.com/maps/search/VP%20%C4%90%C3%A0%20L%E1%BA%A1t,%2001%20T%C3%B4%20Hi%E1%BA%BFn%20Th%C3%A0nh%20,%20P.3%20,%20TP.%C4%90%C3%A0%20L%E1%BA%A1t,%20L%C3%A2m%20%C4%90%E1%BB%93ng'),
(3, 6, 'Di Linh', 'VP Dinh Linh, 735 Hùng Vương, Thị Trấn Di Linh, Lâm Đồng', 'https://www.google.com/maps/place/Ph%C6%B0%C6%A1ng+Trang+FUTA+Express+Di+LInh/@11.5893084,108.0769385,16.46z/data=!4m14!1m7!3m6!1s0x3171567170603b6b:0x7b635a5ab5320541!2zVGjhur8gR2nhu5tpIERpIMSQ4buZbmc!8m2!3d11.5870898!4d108.0784901!16s%2Fg%2F11jcl82_w6!3'),
(4, 7, 'Vũng Tàu', 'VP Bến Xe Vũng Tàu 192 Nam Kỳ Khởi Nghĩa, P.Thắng Tam, TP.Vũng Tàu', 'https://www.google.com/maps/search/VP%20B%E1%BA%BFn%20Xe%20V%C5%A9ng%20T%C3%A0u%20192%20Nam%20K%E1%BB%B3%20Kh%E1%BB%9Fi%20Ngh%C4%A9a,%20P.Th%E1%BA%AFng%20Tam,%20TP.V%C5%A9ng%20T%C3%A0u'),
(4, 8, 'Ẹo Ông Từ', 'VP Ẹo Ông Từ, 1632 Đường 30/4 , P.12 , TP.Vũng Tàu', 'https://www.google.com/maps/place/%E1%BA%B8o+%C3%94ng+T%E1%BB%AB/@10.4256984,107.1539446,15.81z/data=!4m6!3m5!1s0x317573d0dd13df33:0xf4fa8e547608cb1f!8m2!3d10.4231759!4d107.1577758!16s%2Fg%2F1ptyp4gc7?entry=ttu'),
(4, 9, 'Bà Rịa', 'VP Bà Rịa, Bến Xe Bà Rịa QL51 , TP.Bà Rịa', 'https://www.google.com/maps/search/VP+B%C3%A0+R%E1%BB%8Ba,+B%E1%BA%BFn+Xe+B%C3%A0+R%E1%BB%8Ba+QL51+,+TP.B%C3%A0+R%E1%BB%8Ba/@10.4914932,107.1695642,17.19z?entry=ttu'),
(1, 10, 'Thốt Nốt', 'VP Thốt Nốt: Qui Thạnh 1, Trung Kiên, Thốt Nốt, Cần Thơ', 'https://www.google.com/maps/search/VP+Th%E1%BB%91t+N%E1%BB%91t:+Qui+Th%E1%BA%A1nh+1,+Trung+Ki%C3%AAn,+Th%E1%BB%91t+N%E1%BB%91t,+C%E1%BA%A7n+Th%C6%A1/@10.2679358,105.5097989,14.37z?entry=ttu'),
(1, 11, 'Ngã Ba Lộ Tẻ', 'KV Thới Hòa 1, P.Thới Thuận, Q.Thốt Nốt, Cần Thơ', 'https://www.google.com/maps/place/B%E1%BA%BFn+xe+L%E1%BB%99+T%E1%BA%BB+Th%E1%BB%91t+N%E1%BB%91t/@10.3147408,105.4861788,18.08z/data=!4m14!1m7!3m6!1s0x310a75164d6244eb:0x11a41379bc420163!2zVk5QVCBWaW5hUGhvbmUgVGjhu5F0IE7hu5F0!8m2!3d10.3149883!4d105.4877453'),
(1, 13, 'Ô Môn', 'Phường Châu Văn Liêm, Ô Môn, Cần Thơ', 'https://www.google.com/maps/place/B%E1%BA%BFn+Xe+Kh%C3%A1ch+%C3%94+M%C3%B4n/@10.0964776,105.6078068,13.73z/data=!4m15!1m8!3m7!1s0x31a084e9365d19e7:0xebe6c36047cc305d!2zQ2jDonUgVsSDbiBMacOqbSwgw5QgTcO0biwgQ-G6p24gVGjGoQ!3b1!8m2!3d10.1102235!4d105.6353878!1'),
(7, 14, 'Nha Trang', 'Cầu Quán Trường - Đầu đường Võ Nguyên Giáp', 'https://www.google.com/maps/place/C%E1%BA%A7u+Qu%C3%A1n+Tr%C6%B0%E1%BB%9Dng,+Nha+Trang,+Kh%C3%A1nh+H%C3%B2a,+Vi%E1%BB%87t+Nam/@12.24116,109.1717575,17z/data=!3m1!4b1!4m6!3m5!1s0x31705d9b6b93e62b:0x9675e797d4b94a38!8m2!3d12.24116!4d109.1743324!16s%2Fg%2F11'),
(7, 15, 'Biển Dốc Lết', 'Biển Dốc Lết, Ninh Hòa, Khánh Hòa', 'https://www.google.com/maps/place/B%C3%A3i+Bi%E1%BB%83n+D%E1%BB%91c+L%E1%BA%BFt/@12.5486175,109.2147798,14z/data=!4m14!1m7!3m6!1s0x317015d5172686ab:0x4924083c17cc6764!2zQuG6o2kgYmnhu4NuIEThu5FjIEzhur90!8m2!3d12.5486182!4d109.2353794!16s%2Fg%2F1219y7hd!3m5'),
(7, 16, 'Bến Xe Vạn Giã', '01 Lê Hồng Phong, Vạn Giã, Vạn Ninh, Khánh Hòa, Việt Nam', 'https://www.google.com/maps/place/B%E1%BA%BFn+Xe+V%E1%BA%A1n+Gi%C3%A3/@12.7032667,109.2253859,17z/data=!3m1!4b1!4m6!3m5!1s0x317018e76cf01cc1:0x72820c5c08aefa08!8m2!3d12.7032667!4d109.2279608!16s%2Fg%2F1jkw10zfj?entry=ttu&g_ep=EgoyMDI0MTExMS4wIKXMDSoASAFQA'),
(7, 17, 'Chợ Cam Hòa - Cam Lâm', 'Cam Hòa, Cam Lâm, Khánh Hòa, Việt Nam', 'https://www.google.com/maps/place/Ch%E1%BB%A3+Cam+H%C3%B2a/@12.106128,109.1346151,17z/data=!3m1!4b1!4m6!3m5!1s0x3170f59cfc5d9d6d:0x454ad5edc5a804c9!8m2!3d12.106128!4d109.13719!16s%2Fg%2F11c3k971z3?entry=ttu&g_ep=EgoyMDI0MTExMS4wIKXMDSoASAFQAw%3D%3D');

-- --------------------------------------------------------

--
-- Cấu trúc bảng cho bảng `seat`
--

CREATE TABLE `seat` (
  `seat_id` int(11) NOT NULL,
  `seat_code` varchar(255) DEFAULT NULL,
  `seat_status` varchar(255) DEFAULT NULL
) ENGINE=InnoDB DEFAULT CHARSET=utf8mb4 COLLATE=utf8mb4_general_ci;

--
-- Đang đổ dữ liệu cho bảng `seat`
--

INSERT INTO `seat` (`seat_id`, `seat_code`, `seat_status`) VALUES
(1, 'A01', NULL),
(2, 'A02', NULL),
(3, 'A03', NULL),
(4, 'A04', NULL),
(5, 'A05', NULL),
(6, 'A06', NULL),
(7, 'A07', NULL),
(8, 'A08', NULL),
(9, 'A09', NULL),
(10, 'A10', NULL),
(11, 'A11', NULL),
(12, 'A12', NULL),
(13, 'A13', NULL),
(14, 'A14', NULL),
(15, 'A15', NULL),
(16, 'A16', NULL),
(17, 'A17', NULL),
(18, 'A18', NULL),
(19, 'A19', NULL),
(20, 'A20', NULL),
(21, 'A21', NULL),
(22, 'A22', NULL),
(23, 'B01', NULL),
(24, 'B02', NULL),
(25, 'B03', NULL),
(26, 'B04', NULL),
(27, 'B05', NULL),
(28, 'B06', NULL),
(29, 'B07', NULL),
(30, 'B08', NULL),
(31, 'B09', NULL),
(32, 'B10', NULL),
(33, 'B11', NULL),
(34, 'B12', NULL),
(35, 'B13', NULL),
(36, 'B14', NULL),
(37, 'B15', NULL),
(38, 'B16', NULL),
(39, 'B17', NULL),
(40, 'B18', NULL),
(41, 'B19', NULL),
(42, 'B20', NULL),
(43, 'B21', NULL),
(44, 'B22', NULL);

-- --------------------------------------------------------

--
-- Cấu trúc bảng cho bảng `ticket`
--

CREATE TABLE `ticket` (
  `ticket_id` varchar(255) NOT NULL,
  `email` varchar(255) NOT NULL,
  `trip_id` int(11) NOT NULL,
  `total_price` float DEFAULT NULL,
  `notes` varchar(255) DEFAULT NULL,
  `trip_date` date NOT NULL,
  `pick_up_location` int(11) NOT NULL,
  `payment_method` varchar(255) NOT NULL,
  `status` enum('CANCELLED','SUCCESS') DEFAULT NULL,
  `booking_date` date NOT NULL DEFAULT current_timestamp()
) ENGINE=InnoDB DEFAULT CHARSET=utf8mb4 COLLATE=utf8mb4_general_ci;

--
-- Đang đổ dữ liệu cho bảng `ticket`
--

INSERT INTO `ticket` (`ticket_id`, `email`, `trip_id`, `total_price`, `notes`, `trip_date`, `pick_up_location`, `payment_method`, `status`, `booking_date`) VALUES
('0HECMO', 'nqbao20042003@gmail.com', 55, 330000, '', '2024-12-12', 1, 'VN Pay', 'SUCCESS', '2024-12-11'),
('30OZYS', 'nqbao20042003@gmail.com', 28, 495000, '', '2024-11-22', 1, 'VN Pay', 'SUCCESS', '2024-11-20'),
('5ZZPP1', 'nqbao20042003@gmail.com', 41, 165000, '', '2024-12-02', 1, 'VN Pay', 'CANCELLED', '2024-11-30'),
('7D05IR', 'nqbao20042003@gmail.com', 26, 825000, '', '2024-11-23', 2, 'VN Pay', 'CANCELLED', '2024-11-20'),
('8BY307', 'nqbao20042003@gmail.com', 8, 330000, '', '2024-12-02', 2, 'VN Pay', 'CANCELLED', '2024-11-29'),
('9NFSFC', 'bachhieu0172@gmail.com', 8, 495000, '', '2024-11-30', 2, 'VN Pay', 'SUCCESS', '2024-11-30'),
('A410IH', 'user@gmail.com', 4, 92652000, NULL, '2024-10-08', 1, 'VN Pay', 'SUCCESS', '2024-10-10'),
('A411IH', 'user@gmail.com', 4, 2652000, NULL, '2024-10-09', 1, 'VN Pay', 'SUCCESS', '2024-10-11'),
('A412IH', 'user@gmail.com', 4, 2652000, NULL, '2024-10-09', 1, 'VN Pay', 'SUCCESS', '2024-10-10'),
('A413IH', 'user@gmail.com', 4, 292000, NULL, '2024-10-10', 1, 'VN Pay', 'SUCCESS', '2024-10-10'),
('A414IH', 'user@gmail.com', 4, 2452000, NULL, '2024-10-11', 1, 'VN Pay', 'SUCCESS', '2024-10-11'),
('A415IH', 'user@gmail.com', 4, 2652000, NULL, '2024-10-12', 1, 'VN Pay', 'SUCCESS', '2024-10-12'),
('A416IH', 'user@gmail.com', 4, 2652000, NULL, '2024-10-14', 1, 'VN Pay', 'SUCCESS', '2024-10-15'),
('A417IH', 'user@gmail.com', 4, 2652000, NULL, '2024-10-16', 1, 'VN Pay', 'SUCCESS', '2024-10-17'),
('A418IH', 'user@gmail.com', 4, 244452000, NULL, '2024-10-20', 1, 'VN Pay', 'SUCCESS', '2024-11-01'),
('A419IH', 'user@gmail.com', 4, 2652000, NULL, '2024-11-01', 1, 'VN Pay', 'SUCCESS', '2024-11-01'),
('A420IH', 'user@gmail.com', 4, 2652000, NULL, '2024-11-02', 1, 'VN Pay', 'SUCCESS', '2024-11-02'),
('A421IH', 'user@gmail.com', 4, 26652000, NULL, '2024-11-01', 1, 'VN Pay', 'SUCCESS', '2024-11-02'),
('A422IH', 'user@gmail.com', 4, 2452000, NULL, '2024-11-07', 1, 'VN Pay', 'SUCCESS', '2024-11-10'),
('A423IH', 'user@gmail.com', 4, 2452000, NULL, '2024-11-11', 1, 'VN Pay', '', '2024-01-01'),
('A424IH', 'user@gmail.com', 4, 2652000, NULL, '2024-04-21', 1, 'VN Pay', 'SUCCESS', '2024-01-01'),
('A425IH', 'user@gmail.com', 4, 62652000, NULL, '2024-04-22', 1, 'VN Pay', 'SUCCESS', '2024-01-01'),
('A426IH', 'user@gmail.com', 4, 2652000, NULL, '2024-04-23', 1, 'VN Pay', 'CANCELLED', '2024-01-01'),
('A427IH', 'user@gmail.com', 4, 2452000, NULL, '2024-04-24', 1, 'VN Pay', 'CANCELLED', '2024-01-01'),
('A428IH', 'user@gmail.com', 4, 292000, NULL, '2024-04-25', 1, 'VN Pay', 'CANCELLED', '2024-01-01'),
('A429IH', 'user@gmail.com', 4, 2652000, NULL, '2024-04-26', 1, 'VN Pay', 'SUCCESS', '2024-01-01'),
('A430IH', 'user@gmail.com', 4, 2652000, NULL, '2024-04-27', 1, 'VN Pay', 'SUCCESS', '2024-01-01'),
('A431IH', 'user@gmail.com', 4, 2452000, NULL, '2024-04-28', 1, 'VN Pay', 'SUCCESS', '2024-01-01'),
('A432IH', 'user@gmail.com', 4, 2652000, NULL, '2024-04-29', 1, 'VN Pay', 'SUCCESS', '2024-01-01'),
('A433IH', 'user@gmail.com', 4, 292000, NULL, '2024-04-30', 1, 'VN Pay', 'SUCCESS', '2024-01-01'),
('A4O4IH', 'user@gmail.com', 4, 2652000, NULL, '2024-04-02', 1, 'VN Pay', 'SUCCESS', '2024-01-01'),
('A4O5IH', 'user@gmail.com', 4, 292000, NULL, '2024-04-03', 1, 'VN Pay', 'SUCCESS', '2024-01-01'),
('A4O6IH', 'user@gmail.com', 4, 2652000, NULL, '2024-04-04', 1, 'VN Pay', 'SUCCESS', '2024-01-01'),
('A4O7IH', 'user@gmail.com', 4, 2452000, NULL, '2024-04-05', 1, 'VN Pay', 'SUCCESS', '2024-01-01'),
('A4O8IH', 'user@gmail.com', 4, 292000, NULL, '2024-04-06', 1, 'VN Pay', 'SUCCESS', '2024-01-01'),
('A4O9IH', 'user@gmail.com', 4, 2652000, NULL, '2024-04-07', 1, 'VN Pay', 'SUCCESS', '2024-01-01'),
('B410IH', 'user@gmail.com', 5, 2652000, NULL, '2024-05-08', 1, 'VN Pay', 'SUCCESS', '2024-01-01'),
('B411IH', 'user@gmail.com', 5, 2652000, NULL, '2024-05-09', 1, 'VN Pay', 'SUCCESS', '2024-01-01'),
('B412IH', 'user@gmail.com', 5, 2652000, NULL, '2024-05-09', 1, 'VN Pay', 'SUCCESS', '2024-01-01'),
('B413IH', 'user@gmail.com', 5, 292000, NULL, '2024-05-10', 1, 'VN Pay', 'SUCCESS', '2024-01-01'),
('B414IH', 'user@gmail.com', 5, 2452000, NULL, '2024-05-11', 1, 'VN Pay', 'SUCCESS', '2024-01-01'),
('B415IH', 'user@gmail.com', 5, 2652000, NULL, '2024-05-12', 1, 'VN Pay', 'SUCCESS', '2024-01-01'),
('B416IH', 'user@gmail.com', 5, 2652000, NULL, '2024-05-13', 1, 'VN Pay', 'SUCCESS', '2024-01-01'),
('B417IH', 'user@gmail.com', 5, 2652000, NULL, '2024-05-14', 1, 'VN Pay', 'SUCCESS', '2024-01-01'),
('B418IH', 'user@gmail.com', 5, 2452000, NULL, '2024-05-15', 1, 'VN Pay', 'SUCCESS', '2024-01-01'),
('B419IH', 'user@gmail.com', 5, 2652000, NULL, '2024-05-16', 1, 'VN Pay', 'SUCCESS', '2024-01-01'),
('B420IH', 'user@gmail.com', 5, 2652000, NULL, '2024-05-17', 1, 'VN Pay', 'SUCCESS', '2024-01-01'),
('B421IH', 'user@gmail.com', 5, 2652000, NULL, '2024-05-18', 1, 'VN Pay', 'SUCCESS', '2024-01-01'),
('B422IH', 'user@gmail.com', 5, 2452000, NULL, '2024-05-19', 1, 'VN Pay', 'SUCCESS', '2024-01-01'),
('B423IH', 'user@gmail.com', 5, 2452000, NULL, '2024-05-20', 1, 'VN Pay', 'SUCCESS', '2024-01-01'),
('B424IH', 'user@gmail.com', 5, 2652000, NULL, '2024-05-21', 1, 'VN Pay', 'SUCCESS', '2024-01-01'),
('B425IH', 'user@gmail.com', 5, 2652000, NULL, '2024-05-22', 1, 'VN Pay', 'SUCCESS', '2024-01-01'),
('B426IH', 'user@gmail.com', 5, 2652000, NULL, '2024-05-23', 1, 'VN Pay', 'SUCCESS', '2024-01-01'),
('B427IH', 'user@gmail.com', 5, 2452000, NULL, '2024-05-24', 1, 'VN Pay', 'SUCCESS', '2024-01-01'),
('B428IH', 'user@gmail.com', 5, 292000, NULL, '2024-05-25', 1, 'VN Pay', 'SUCCESS', '2024-01-01'),
('B429IH', 'user@gmail.com', 5, 2652000, NULL, '2024-05-26', 1, 'VN Pay', 'SUCCESS', '2024-01-01'),
('B430IH', 'user@gmail.com', 5, 2652000, NULL, '2024-05-27', 1, 'VN Pay', 'SUCCESS', '2024-01-01'),
('B431IH', 'user@gmail.com', 5, 2452000, NULL, '2024-05-28', 1, 'VN Pay', 'SUCCESS', '2024-01-01'),
('B432IH', 'user@gmail.com', 5, 2652000, NULL, '2024-05-29', 1, 'VN Pay', 'SUCCESS', '2024-01-01'),
('B433IH', 'user@gmail.com', 5, 292000, NULL, '2024-05-30', 1, 'VN Pay', 'SUCCESS', '2024-01-01'),
('B4O4IH', 'user@gmail.com', 5, 2652000, NULL, '2024-05-02', 1, 'VN Pay', 'SUCCESS', '2024-01-01'),
('B4O5IH', 'user@gmail.com', 5, 292000, NULL, '2024-05-03', 1, 'VN Pay', 'SUCCESS', '2024-01-01'),
('B4O6IH', 'user@gmail.com', 5, 2652000, NULL, '2024-05-04', 1, 'VN Pay', 'SUCCESS', '2024-01-01'),
('B4O7IH', 'user@gmail.com', 5, 2452000, NULL, '2024-05-05', 1, 'VN Pay', 'SUCCESS', '2024-01-01'),
('B4O8IH', 'user@gmail.com', 5, 292000, NULL, '2024-05-06', 1, 'VN Pay', 'SUCCESS', '2024-01-01'),
('B4O9IH', 'user@gmail.com', 5, 2652000, NULL, '2024-05-07', 1, 'VN Pay', 'SUCCESS', '2024-01-01'),
('BTSXRE', 'user@gmail.com', 1, 825000, '', '2024-01-01', 1, 'VN Pay', 'SUCCESS', '2024-10-05'),
('C410IH', 'user@gmail.com', 6, 2652000, NULL, '2024-06-08', 1, 'VN Pay', 'SUCCESS', '2024-01-01'),
('C411IH', 'user@gmail.com', 6, 24652000, NULL, '2024-06-09', 1, 'VN Pay', 'SUCCESS', '2024-01-01'),
('C412IH', 'user@gmail.com', 6, 21652000, NULL, '2024-06-09', 1, 'VN Pay', 'SUCCESS', '2024-01-01'),
('C413IH', 'user@gmail.com', 6, 292000, NULL, '2024-06-10', 1, 'VN Pay', 'SUCCESS', '2024-01-01'),
('C414IH', 'user@gmail.com', 6, 2452000, NULL, '2024-06-11', 1, 'VN Pay', 'SUCCESS', '2024-01-01'),
('C415IH', 'user@gmail.com', 6, 23652000, NULL, '2024-06-12', 1, 'VN Pay', 'SUCCESS', '2024-01-01'),
('C416IH', 'user@gmail.com', 6, 2652000, NULL, '2024-06-13', 1, 'VN Pay', 'SUCCESS', '2024-01-01'),
('C417IH', 'user@gmail.com', 6, 29652000, NULL, '2024-06-14', 1, 'VN Pay', 'SUCCESS', '2024-01-01'),
('C418IH', 'user@gmail.com', 6, 2452000, NULL, '2024-06-15', 1, 'VN Pay', 'SUCCESS', '2024-01-01'),
('C419IH', 'user@gmail.com', 6, 2652000, NULL, '2024-06-16', 1, 'VN Pay', 'SUCCESS', '2024-01-01'),
('C420IH', 'user@gmail.com', 6, 22652000, NULL, '2024-06-17', 1, 'VN Pay', 'SUCCESS', '2024-01-01'),
('C421IH', 'user@gmail.com', 6, 2652000, NULL, '2024-06-18', 1, 'VN Pay', 'SUCCESS', '2024-01-01'),
('C422IH', 'user@gmail.com', 6, 2452000, NULL, '2024-06-19', 1, 'VN Pay', 'SUCCESS', '2024-01-01'),
('C423IH', 'user@gmail.com', 6, 22452000, NULL, '2024-06-20', 1, 'VN Pay', 'SUCCESS', '2024-01-01'),
('C424IH', 'user@gmail.com', 6, 21652000, NULL, '2024-06-21', 1, 'VN Pay', 'SUCCESS', '2024-01-01'),
('C425IH', 'user@gmail.com', 6, 2652000, NULL, '2024-06-22', 1, 'VN Pay', 'SUCCESS', '2024-01-01'),
('C426IH', 'user@gmail.com', 6, 22652000, NULL, '2024-06-23', 1, 'VN Pay', 'SUCCESS', '2024-01-01'),
('C427IH', 'user@gmail.com', 6, 2452000, NULL, '2024-06-24', 1, 'VN Pay', 'SUCCESS', '2024-01-01'),
('C428IH', 'user@gmail.com', 6, 2792000, NULL, '2024-06-25', 1, 'VN Pay', 'SUCCESS', '2024-01-01'),
('C429IH', 'user@gmail.com', 6, 2652000, NULL, '2024-06-26', 1, 'VN Pay', 'SUCCESS', '2024-01-01'),
('C430IH', 'user@gmail.com', 6, 52652000, NULL, '2024-06-27', 1, 'VN Pay', 'SUCCESS', '2024-01-01'),
('C431IH', 'user@gmail.com', 6, 2452000, NULL, '2024-06-28', 1, 'VN Pay', 'SUCCESS', '2024-01-01'),
('C432IH', 'user@gmail.com', 6, 2652000, NULL, '2024-06-29', 1, 'VN Pay', 'SUCCESS', '2024-01-01'),
('C433IH', 'user@gmail.com', 6, 2892000, NULL, '2024-06-30', 1, 'VN Pay', 'SUCCESS', '2024-01-01'),
('C4O1IH', 'user@gmail.com', 6, 2652000, NULL, '2024-06-02', 1, 'VN Pay', 'SUCCESS', '2024-01-01'),
('C4O2IH', 'user@gmail.com', 6, 3652000, NULL, '2024-06-01', 1, 'VN Pay', 'SUCCESS', '2024-01-01'),
('C4O4IH', 'user@gmail.com', 6, 3652000, NULL, '2024-06-01', 1, 'VN Pay', 'SUCCESS', '2024-01-01'),
('C4O5IH', 'user@gmail.com', 6, 592000, NULL, '2024-06-03', 1, 'VN Pay', 'SUCCESS', '2024-01-01'),
('C4O6IH', 'user@gmail.com', 6, 2652000, NULL, '2024-06-04', 1, 'VN Pay', 'SUCCESS', '2024-01-01'),
('C4O7IH', 'user@gmail.com', 6, 8452000, NULL, '2024-06-05', 1, 'VN Pay', 'SUCCESS', '2024-01-01'),
('C4O8IH', 'user@gmail.com', 6, 292000, NULL, '2024-06-06', 1, 'VN Pay', 'SUCCESS', '2024-01-01'),
('C4O9IH', 'user@gmail.com', 6, 16652000, NULL, '2024-06-07', 1, 'VN Pay', 'SUCCESS', '2024-01-01'),
('CZM7DT', 'nqbao20042003@gmail.com', 27, 165000, '', '2024-11-21', 3, 'VN Pay', 'SUCCESS', '2024-11-20'),
('D410IH', 'user@gmail.com', 7, 2652000, NULL, '2024-07-08', 1, 'VN Pay', 'SUCCESS', '2024-01-01'),
('D411IH', 'user@gmail.com', 7, 24652000, NULL, '2024-07-09', 1, 'VN Pay', 'SUCCESS', '2024-01-01'),
('D412IH', 'user@gmail.com', 7, 21652000, NULL, '2024-07-09', 1, 'VN Pay', 'SUCCESS', '2024-01-01'),
('D413IH', 'user@gmail.com', 7, 292000, NULL, '2024-07-10', 1, 'VN Pay', 'SUCCESS', '2024-01-01'),
('D414IH', 'user@gmail.com', 7, 2452000, NULL, '2024-07-11', 1, 'VN Pay', 'SUCCESS', '2024-01-01'),
('D415IH', 'user@gmail.com', 7, 23652000, NULL, '2024-07-12', 1, 'VN Pay', 'SUCCESS', '2024-01-01'),
('D416IH', 'user@gmail.com', 7, 2652000, NULL, '2024-07-13', 1, 'VN Pay', 'SUCCESS', '2024-01-01'),
('D417IH', 'user@gmail.com', 7, 29652000, NULL, '2024-07-14', 1, 'VN Pay', 'SUCCESS', '2024-01-01'),
('D418IH', 'user@gmail.com', 7, 2452000, NULL, '2024-07-15', 1, 'VN Pay', 'SUCCESS', '2024-01-01'),
('D419IH', 'user@gmail.com', 7, 2652000, NULL, '2024-07-16', 1, 'VN Pay', 'SUCCESS', '2024-01-01'),
('D420IH', 'user@gmail.com', 7, 22652000, NULL, '2024-07-17', 1, 'VN Pay', 'SUCCESS', '2024-01-01'),
('D421IH', 'user@gmail.com', 7, 2652000, NULL, '2024-07-18', 1, 'VN Pay', 'SUCCESS', '2024-01-01'),
('D422IH', 'user@gmail.com', 7, 2452000, NULL, '2024-07-19', 1, 'VN Pay', 'SUCCESS', '2024-01-01'),
('D423IH', 'user@gmail.com', 7, 22452000, NULL, '2024-07-20', 1, 'VN Pay', 'SUCCESS', '2024-01-01'),
('D424IH', 'user@gmail.com', 7, 21652000, NULL, '2024-07-21', 1, 'VN Pay', 'SUCCESS', '2024-01-01'),
('D425IH', 'user@gmail.com', 7, 2652000, NULL, '2024-07-22', 1, 'VN Pay', 'SUCCESS', '2024-01-01'),
('D426IH', 'user@gmail.com', 7, 22652000, NULL, '2024-07-23', 1, 'VN Pay', 'SUCCESS', '2024-01-01'),
('D427IH', 'user@gmail.com', 7, 2452000, NULL, '2024-07-24', 1, 'VN Pay', 'SUCCESS', '2024-01-01'),
('D428IH', 'user@gmail.com', 7, 2792000, NULL, '2024-07-25', 1, 'VN Pay', 'SUCCESS', '2024-01-01'),
('D429IH', 'user@gmail.com', 7, 2652000, NULL, '2024-07-26', 1, 'VN Pay', 'SUCCESS', '2024-01-01'),
('D430IH', 'user@gmail.com', 7, 52652000, NULL, '2024-07-27', 1, 'VN Pay', 'SUCCESS', '2024-01-01'),
('D431IH', 'user@gmail.com', 7, 2452000, NULL, '2024-07-28', 1, 'VN Pay', 'SUCCESS', '2024-01-01'),
('D432IH', 'user@gmail.com', 7, 2652000, NULL, '2024-07-29', 1, 'VN Pay', 'SUCCESS', '2024-01-01'),
('D433IH', 'user@gmail.com', 7, 2892000, NULL, '2024-07-30', 1, 'VN Pay', 'SUCCESS', '2024-01-01'),
('D4O1IH', 'user@gmail.com', 7, 2652000, NULL, '2024-07-02', 1, 'VN Pay', 'SUCCESS', '2024-01-01'),
('D4O2IH', 'user@gmail.com', 7, 3652000, NULL, '2024-07-01', 1, 'VN Pay', 'SUCCESS', '2024-01-01'),
('D4O5IH', 'user@gmail.com', 7, 592000, NULL, '2024-07-03', 1, 'VN Pay', 'SUCCESS', '2024-01-01'),
('D4O6IH', 'user@gmail.com', 7, 2652000, NULL, '2024-07-04', 1, 'VN Pay', 'SUCCESS', '2024-01-01'),
('D4O7IH', 'user@gmail.com', 7, 8452000, NULL, '2024-07-05', 1, 'VN Pay', 'SUCCESS', '2024-01-01'),
('D4O8IH', 'user@gmail.com', 7, 292000, NULL, '2024-07-06', 1, 'VN Pay', 'SUCCESS', '2024-01-01'),
('D4O9IH', 'user@gmail.com', 7, 16652000, NULL, '2024-07-07', 1, 'VN Pay', 'SUCCESS', '2024-01-01'),
('E410IH', 'user@gmail.com', 8, 2652000, NULL, '2024-08-08', 1, 'VN Pay', 'SUCCESS', '2024-01-01'),
('E411IH', 'user@gmail.com', 8, 24652000, NULL, '2024-08-09', 1, 'VN Pay', 'SUCCESS', '2024-01-01'),
('E412IH', 'user@gmail.com', 8, 21652000, NULL, '2024-08-09', 1, 'VN Pay', 'SUCCESS', '2024-01-01'),
('E413IH', 'user@gmail.com', 8, 292000, NULL, '2024-08-10', 1, 'VN Pay', 'SUCCESS', '2024-01-01'),
('E414IH', 'user@gmail.com', 8, 2452000, NULL, '2024-08-11', 1, 'VN Pay', 'SUCCESS', '2024-01-01'),
('E415IH', 'user@gmail.com', 8, 23652000, NULL, '2024-08-12', 1, 'VN Pay', 'SUCCESS', '2024-01-01'),
('E416IH', 'user@gmail.com', 8, 2652000, NULL, '2024-08-13', 1, 'VN Pay', 'SUCCESS', '2024-01-01'),
('E417IH', 'user@gmail.com', 8, 29652000, NULL, '2024-08-14', 1, 'VN Pay', 'SUCCESS', '2024-01-01'),
('E418IH', 'user@gmail.com', 8, 2452000, NULL, '2024-08-15', 1, 'VN Pay', 'SUCCESS', '2024-01-01'),
('E419IH', 'user@gmail.com', 8, 2652000, NULL, '2024-08-16', 1, 'VN Pay', 'SUCCESS', '2024-01-01'),
('E420IH', 'user@gmail.com', 8, 22652000, NULL, '2024-08-17', 1, 'VN Pay', 'SUCCESS', '2024-01-01'),
('E421IH', 'user@gmail.com', 8, 2652000, NULL, '2024-08-18', 1, 'VN Pay', 'SUCCESS', '2024-01-01'),
('E422IH', 'user@gmail.com', 8, 2452000, NULL, '2024-08-19', 1, 'VN Pay', 'SUCCESS', '2024-01-01'),
('E423IH', 'user@gmail.com', 8, 22452000, NULL, '2024-08-20', 1, 'VN Pay', 'SUCCESS', '2024-01-01'),
('E424IH', 'user@gmail.com', 8, 21652000, NULL, '2024-08-21', 1, 'VN Pay', 'SUCCESS', '2024-01-01'),
('E425IH', 'user@gmail.com', 8, 2652000, NULL, '2024-08-22', 1, 'VN Pay', 'SUCCESS', '2024-01-01'),
('E426IH', 'user@gmail.com', 8, 22652000, NULL, '2024-08-23', 1, 'VN Pay', 'SUCCESS', '2024-01-01'),
('E427IH', 'user@gmail.com', 8, 2452000, NULL, '2024-08-24', 1, 'VN Pay', 'SUCCESS', '2024-01-01'),
('E428IH', 'user@gmail.com', 8, 2792000, NULL, '2024-08-25', 1, 'VN Pay', 'SUCCESS', '2024-01-01'),
('E429IH', 'user@gmail.com', 8, 2652000, NULL, '2024-08-26', 1, 'VN Pay', 'SUCCESS', '2024-01-01'),
('E430IH', 'user@gmail.com', 8, 52652000, NULL, '2024-08-27', 1, 'VN Pay', 'SUCCESS', '2024-01-01'),
('E431IH', 'user@gmail.com', 8, 2452000, NULL, '2024-08-28', 1, 'VN Pay', 'SUCCESS', '2024-01-01'),
('E432IH', 'user@gmail.com', 8, 2652000, NULL, '2024-08-29', 1, 'VN Pay', 'SUCCESS', '2024-01-01'),
('E433IH', 'user@gmail.com', 8, 2892000, NULL, '2024-08-30', 1, 'VN Pay', 'SUCCESS', '2024-01-01'),
('E4O1IH', 'user@gmail.com', 8, 2652000, NULL, '2024-08-02', 1, 'VN Pay', 'SUCCESS', '2024-01-01'),
('E4O2IH', 'user@gmail.com', 8, 3652000, NULL, '2024-08-01', 1, 'VN Pay', 'SUCCESS', '2024-01-01'),
('E4O5IH', 'user@gmail.com', 8, 592000, NULL, '2024-08-03', 1, 'VN Pay', 'SUCCESS', '2024-01-01'),
('E4O6IH', 'user@gmail.com', 8, 2652000, NULL, '2024-08-04', 1, 'VN Pay', 'SUCCESS', '2024-01-01'),
('E4O7IH', 'user@gmail.com', 8, 8452000, NULL, '2024-08-05', 1, 'VN Pay', 'SUCCESS', '2024-01-01'),
('E4O8IH', 'user@gmail.com', 8, 292000, NULL, '2024-08-06', 1, 'VN Pay', 'SUCCESS', '2024-01-01'),
('E4O9IH', 'user@gmail.com', 8, 16652000, NULL, '2024-08-07', 1, 'VN Pay', 'SUCCESS', '2024-01-01'),
('G410IH', 'user@gmail.com', 1, 825000, NULL, '2024-01-08', 1, 'VN Pay', 'SUCCESS', '2024-01-01'),
('G411IH', 'user@gmail.com', 1, 825000, NULL, '2024-01-09', 1, 'VN Pay', 'SUCCESS', '2024-01-01'),
('G412IH', 'user@gmail.com', 1, 825000, NULL, '2024-01-09', 1, 'VN Pay', 'SUCCESS', '2024-01-01'),
('G413IH', 'user@gmail.com', 1, 825000, NULL, '2024-01-10', 1, 'VN Pay', 'SUCCESS', '2024-01-01'),
('G414IH', 'user@gmail.com', 1, 825000, NULL, '2024-01-11', 1, 'VN Pay', 'SUCCESS', '2024-01-01'),
('G415IH', 'user@gmail.com', 1, 825000, NULL, '2024-01-12', 1, 'VN Pay', 'SUCCESS', '2024-01-01'),
('G416IH', 'user@gmail.com', 1, 825000, NULL, '2024-01-13', 1, 'VN Pay', 'SUCCESS', '2024-01-01'),
('G417IH', 'user@gmail.com', 1, 825000, NULL, '2024-01-14', 1, 'VN Pay', 'SUCCESS', '2024-01-01'),
('G418IH', 'user@gmail.com', 1, 825000, NULL, '2024-01-15', 1, 'VN Pay', 'SUCCESS', '2024-01-01'),
('G419IH', 'user@gmail.com', 1, 825000, NULL, '2024-01-16', 1, 'VN Pay', 'SUCCESS', '2024-01-01'),
('G420IH', 'user@gmail.com', 1, 825000, NULL, '2024-01-17', 1, 'VN Pay', 'SUCCESS', '2024-01-01'),
('G421IH', 'user@gmail.com', 1, 825000, NULL, '2024-01-18', 1, 'VN Pay', 'SUCCESS', '2024-01-01'),
('G422IH', 'user@gmail.com', 1, 825000, NULL, '2024-01-19', 1, 'VN Pay', 'SUCCESS', '2024-01-01'),
('G423IH', 'user@gmail.com', 1, 825000, NULL, '2024-01-20', 1, 'VN Pay', 'SUCCESS', '2024-01-01'),
('G424IH', 'user@gmail.com', 1, 825000, NULL, '2024-01-21', 1, 'VN Pay', 'SUCCESS', '2024-01-01'),
('G425IH', 'user@gmail.com', 1, 825000, NULL, '2024-01-22', 1, 'VN Pay', 'SUCCESS', '2024-01-01'),
('G426IH', 'user@gmail.com', 1, 825000, NULL, '2024-01-23', 1, 'VN Pay', 'CANCELLED', '2024-01-01'),
('G427IH', 'user@gmail.com', 1, 825000, NULL, '2024-01-24', 1, 'VN Pay', 'SUCCESS', '2024-01-01'),
('G428IH', 'user@gmail.com', 1, 825000, NULL, '2024-01-25', 1, 'VN Pay', 'SUCCESS', '2024-01-01'),
('G429IH', 'user@gmail.com', 1, 825000, NULL, '2024-01-26', 1, 'VN Pay', 'SUCCESS', '2024-01-01'),
('G430IH', 'user@gmail.com', 1, 825000, NULL, '2024-01-27', 1, 'VN Pay', 'SUCCESS', '2024-01-01'),
('G431IH', 'user@gmail.com', 1, 825000, NULL, '2024-01-28', 1, 'VN Pay', 'SUCCESS', '2024-01-01'),
('G432IH', 'user@gmail.com', 1, 825000, NULL, '2024-01-29', 1, 'VN Pay', 'SUCCESS', '2024-01-01'),
('G433IH', 'user@gmail.com', 1, 825000, NULL, '2024-01-30', 1, 'VN Pay', 'SUCCESS', '2024-01-01'),
('G4O3IH', 'user@gmail.com', 1, 825000, '', '2024-10-01', 1, 'VN Pay', 'SUCCESS', '2024-10-05'),
('G4O4IH', 'user@gmail.com', 1, 825000, NULL, '2024-01-02', 1, 'VN Pay', 'SUCCESS', '2024-01-01'),
('G4O5IH', 'user@gmail.com', 1, 825000, NULL, '2024-01-03', 1, 'VN Pay', 'SUCCESS', '2024-01-01'),
('G4O6IH', 'user@gmail.com', 1, 825000, NULL, '2024-01-04', 1, 'VN Pay', 'SUCCESS', '2024-01-01'),
('G4O7IH', 'user@gmail.com', 1, 825000, NULL, '2024-01-05', 1, 'VN Pay', 'SUCCESS', '2024-01-01'),
('G4O8IH', 'user@gmail.com', 1, 825000, NULL, '2024-01-06', 1, 'VN Pay', 'SUCCESS', '2024-01-01'),
('G4O9IH', 'user@gmail.com', 1, 825000, NULL, '2024-01-07', 1, 'VN Pay', 'SUCCESS', '2024-01-01'),
('ILYM1L', 'nqbao20042003@gmail.com', 8, 330000, '', '2024-11-30', 2, 'VN Pay', 'SUCCESS', '2024-11-30'),
('J410IH', 'user@gmail.com', 2, 1652000, NULL, '2024-08-08', 1, 'VN Pay', 'SUCCESS', '2024-01-01'),
('J411IH', 'user@gmail.com', 2, 1652000, NULL, '2024-08-09', 1, 'VN Pay', 'SUCCESS', '2024-01-01'),
('J412IH', 'user@gmail.com', 2, 1652000, NULL, '2024-08-09', 1, 'VN Pay', 'SUCCESS', '2024-01-01'),
('J413IH', 'user@gmail.com', 2, 1652000, NULL, '2024-08-10', 1, 'VN Pay', 'SUCCESS', '2024-01-01'),
('J414IH', 'user@gmail.com', 2, 1652000, NULL, '2024-08-11', 1, 'VN Pay', 'SUCCESS', '2024-01-01'),
('J415IH', 'user@gmail.com', 2, 1652000, NULL, '2024-08-12', 1, 'VN Pay', 'SUCCESS', '2024-01-01'),
('J416IH', 'user@gmail.com', 2, 1652000, NULL, '2024-08-13', 1, 'VN Pay', 'SUCCESS', '2024-01-01'),
('J417IH', 'user@gmail.com', 2, 1652000, NULL, '2024-08-14', 1, 'VN Pay', 'SUCCESS', '2024-01-01'),
('J418IH', 'user@gmail.com', 2, 1652000, NULL, '2024-08-15', 1, 'VN Pay', 'SUCCESS', '2024-01-01'),
('J419IH', 'user@gmail.com', 2, 1652000, NULL, '2024-08-16', 1, 'VN Pay', 'SUCCESS', '2024-01-01'),
('J420IH', 'user@gmail.com', 2, 1652000, NULL, '2024-08-17', 1, 'VN Pay', 'SUCCESS', '2024-01-01'),
('J421IH', 'user@gmail.com', 2, 1652000, NULL, '2024-08-18', 1, 'VN Pay', 'SUCCESS', '2024-01-01'),
('J422IH', 'user@gmail.com', 2, 1652000, NULL, '2024-08-19', 1, 'VN Pay', 'SUCCESS', '2024-01-01'),
('J423IH', 'user@gmail.com', 2, 1652000, NULL, '2024-08-20', 1, 'VN Pay', 'SUCCESS', '2024-01-01'),
('J424IH', 'user@gmail.com', 2, 1652000, NULL, '2024-08-21', 1, 'VN Pay', 'SUCCESS', '2024-01-01'),
('J425IH', 'user@gmail.com', 2, 1652000, NULL, '2024-08-22', 1, 'VN Pay', 'SUCCESS', '2024-01-01'),
('J426IH', 'user@gmail.com', 2, 1652000, NULL, '2024-08-23', 1, 'VN Pay', 'SUCCESS', '2024-01-01'),
('J427IH', 'user@gmail.com', 2, 1652000, NULL, '2024-08-24', 1, 'VN Pay', 'SUCCESS', '2024-01-01'),
('J428IH', 'user@gmail.com', 2, 1652000, NULL, '2024-08-25', 1, 'VN Pay', 'SUCCESS', '2024-01-01'),
('J429IH', 'user@gmail.com', 2, 1652000, NULL, '2024-08-26', 1, 'VN Pay', 'SUCCESS', '2024-01-01'),
('J430IH', 'user@gmail.com', 2, 1652000, NULL, '2024-08-27', 1, 'VN Pay', 'SUCCESS', '2024-01-01'),
('J431IH', 'user@gmail.com', 2, 1652000, NULL, '2024-08-28', 1, 'VN Pay', 'SUCCESS', '2024-01-01'),
('J4O4IH', 'user@gmail.com', 2, 1652000, NULL, '2024-08-02', 1, 'VN Pay', 'SUCCESS', '2024-01-01'),
('J4O5IH', 'user@gmail.com', 2, 1652000, NULL, '2024-08-03', 1, 'VN Pay', 'SUCCESS', '2024-01-01'),
('J4O6IH', 'user@gmail.com', 2, 1652000, NULL, '2024-08-04', 1, 'VN Pay', 'SUCCESS', '2024-01-01'),
('J4O7IH', 'user@gmail.com', 2, 1652000, NULL, '2024-08-05', 1, 'VN Pay', 'SUCCESS', '2024-01-01'),
('J4O8IH', 'user@gmail.com', 2, 1652000, NULL, '2024-08-06', 1, 'VN Pay', 'SUCCESS', '2024-01-01'),
('J4O9IH', 'user@gmail.com', 2, 1652000, NULL, '2024-08-07', 1, 'VN Pay', 'SUCCESS', '2024-01-01'),
('K37KZX', 'nqbao20042003@gmail.com', 8, 330000, '', '2024-12-02', 2, 'VN Pay', 'CANCELLED', '2024-11-29'),
('K410IH', 'user@gmail.com', 3, 2652000, NULL, '2024-09-08', 1, 'VN Pay', 'SUCCESS', '2024-01-01'),
('K411IH', 'user@gmail.com', 3, 2652000, NULL, '2024-09-09', 1, 'VN Pay', 'SUCCESS', '2024-01-01'),
('K412IH', 'user@gmail.com', 3, 2652000, NULL, '2024-09-09', 1, 'VN Pay', 'SUCCESS', '2024-01-01'),
('K413IH', 'user@gmail.com', 3, 292000, NULL, '2024-09-10', 1, 'VN Pay', 'SUCCESS', '2024-01-01'),
('K414IH', 'user@gmail.com', 3, 2452000, NULL, '2024-09-11', 1, 'VN Pay', 'SUCCESS', '2024-01-01'),
('K415IH', 'user@gmail.com', 3, 2652000, NULL, '2024-09-12', 1, 'VN Pay', 'SUCCESS', '2024-01-01'),
('K416IH', 'user@gmail.com', 3, 2652000, NULL, '2024-09-13', 1, 'VN Pay', 'SUCCESS', '2024-01-01'),
('K417IH', 'user@gmail.com', 3, 2652000, NULL, '2024-09-14', 1, 'VN Pay', 'SUCCESS', '2024-01-01'),
('K418IH', 'user@gmail.com', 3, 2452000, NULL, '2024-09-15', 1, 'VN Pay', 'SUCCESS', '2024-01-01'),
('K419IH', 'user@gmail.com', 3, 2652000, NULL, '2024-09-16', 1, 'VN Pay', 'SUCCESS', '2024-01-01'),
('K420IH', 'user@gmail.com', 3, 2652000, NULL, '2024-09-17', 1, 'VN Pay', 'SUCCESS', '2024-01-01'),
('K421IH', 'user@gmail.com', 3, 2652000, NULL, '2024-09-18', 1, 'VN Pay', 'SUCCESS', '2024-01-01'),
('K422IH', 'user@gmail.com', 3, 2452000, NULL, '2024-09-19', 1, 'VN Pay', 'SUCCESS', '2024-01-01'),
('K423IH', 'user@gmail.com', 3, 2452000, NULL, '2024-09-20', 1, 'VN Pay', 'SUCCESS', '2024-01-01'),
('K424IH', 'user@gmail.com', 3, 2652000, NULL, '2024-09-21', 1, 'VN Pay', 'SUCCESS', '2024-01-01'),
('K425IH', 'user@gmail.com', 3, 2652000, NULL, '2024-09-22', 1, 'VN Pay', 'SUCCESS', '2024-01-01'),
('K426IH', 'user@gmail.com', 3, 2652000, NULL, '2024-09-23', 1, 'VN Pay', 'SUCCESS', '2024-01-01'),
('K427IH', 'user@gmail.com', 3, 2452000, NULL, '2024-09-24', 1, 'VN Pay', 'SUCCESS', '2024-01-01'),
('K428IH', 'user@gmail.com', 3, 292000, NULL, '2024-09-25', 1, 'VN Pay', 'SUCCESS', '2024-01-01'),
('K429IH', 'user@gmail.com', 3, 2652000, NULL, '2024-09-26', 1, 'VN Pay', 'SUCCESS', '2024-01-01'),
('K430IH', 'user@gmail.com', 3, 2652000, NULL, '2024-09-27', 1, 'VN Pay', 'SUCCESS', '2024-01-01'),
('K431IH', 'user@gmail.com', 3, 2452000, NULL, '2024-09-28', 1, 'VN Pay', 'SUCCESS', '2024-01-01'),
('K432IH', 'user@gmail.com', 3, 2652000, NULL, '2024-09-29', 1, 'VN Pay', 'SUCCESS', '2024-01-01'),
('K433IH', 'user@gmail.com', 3, 292000, NULL, '2024-09-30', 1, 'VN Pay', 'SUCCESS', '2024-01-01'),
('K4O4IH', 'user@gmail.com', 3, 2652000, NULL, '2024-09-02', 1, 'VN Pay', 'SUCCESS', '2024-01-01'),
('K4O5IH', 'user@gmail.com', 3, 292000, NULL, '2024-09-03', 1, 'VN Pay', 'SUCCESS', '2024-01-01'),
('K4O6IH', 'user@gmail.com', 3, 2652000, NULL, '2024-09-04', 1, 'VN Pay', 'SUCCESS', '2024-01-01'),
('K4O7IH', 'user@gmail.com', 3, 2452000, NULL, '2024-09-05', 1, 'VN Pay', 'SUCCESS', '2024-01-01'),
('K4O8IH', 'user@gmail.com', 3, 292000, NULL, '2024-09-06', 1, 'VN Pay', 'SUCCESS', '2024-01-01'),
('K4O9IH', 'user@gmail.com', 3, 2652000, NULL, '2024-09-07', 1, 'VN Pay', 'SUCCESS', '2024-01-01'),
('KHON4W', 'nqbao20042003@gmail.com', 25, 2400000, '', '2024-11-21', 14, 'VN Pay', 'SUCCESS', '2024-11-20'),
('LAY2UI', 'nqbao20042003@gmail.com', 8, 330000, '', '2024-12-02', 2, 'VN Pay', 'SUCCESS', '2024-11-29'),
('LEXKVQ', 'nqbao20042003@gmail.com', 40, 1200000, '', '2024-12-02', 14, 'VN Pay', 'SUCCESS', '2024-11-30'),
('M1PEBS', 'nqbao20042003@gmail.com', 24, 450000, '', '2024-11-16', 2, 'VN Pay', 'SUCCESS', '2024-11-14'),
('MQJL0H', 'nqbao20042003@gmail.com', 26, 825000, '', '2024-11-23', 2, 'VN Pay', 'SUCCESS', '2024-11-20'),
('QEI37T', 'nqbao20042003@gmail.com', 8, 330000, '', '2024-12-02', 2, 'VN Pay', 'SUCCESS', '2024-11-29'),
('RSMOCT', 'nqbao20042003@gmail.com', 8, 330000, '', '2024-12-02', 2, 'VN Pay', 'SUCCESS', '2024-11-29'),
('T410IH', 'user@gmail.com', 8, 264152000, NULL, '2024-09-08', 1, 'VN Pay', 'SUCCESS', '2024-01-01'),
('T411IH', 'user@gmail.com', 8, 24652000, NULL, '2024-09-09', 1, 'VN Pay', 'SUCCESS', '2024-01-01'),
('T412IH', 'user@gmail.com', 8, 27650000, NULL, '2024-09-09', 1, 'VN Pay', 'SUCCESS', '2024-01-01'),
('T413IH', 'user@gmail.com', 8, 292000, NULL, '2024-09-10', 1, 'VN Pay', 'SUCCESS', '2024-01-01'),
('T414IH', 'user@gmail.com', 8, 2452000, NULL, '2024-09-11', 1, 'VN Pay', 'SUCCESS', '2024-01-01'),
('T415IH', 'user@gmail.com', 8, 23652000, NULL, '2024-09-12', 1, 'VN Pay', 'SUCCESS', '2024-01-01'),
('T416IH', 'user@gmail.com', 8, 2652000, NULL, '2024-09-13', 1, 'VN Pay', 'SUCCESS', '2024-01-01'),
('T417IH', 'user@gmail.com', 8, 29652000, NULL, '2024-09-14', 1, 'VN Pay', 'SUCCESS', '2024-01-01'),
('T418IH', 'user@gmail.com', 8, 2452000, NULL, '2024-09-15', 1, 'VN Pay', 'SUCCESS', '2024-01-01'),
('T419IH', 'user@gmail.com', 8, 2652000, NULL, '2024-09-16', 1, 'VN Pay', 'SUCCESS', '2024-01-01'),
('T420IH', 'user@gmail.com', 8, 22652000, NULL, '2024-09-17', 1, 'VN Pay', 'SUCCESS', '2024-01-01'),
('T421IH', 'user@gmail.com', 8, 2652000, NULL, '2024-09-18', 1, 'VN Pay', 'SUCCESS', '2024-01-01'),
('T422IH', 'user@gmail.com', 8, 2452000, NULL, '2024-09-19', 1, 'VN Pay', 'SUCCESS', '2024-01-01'),
('T423IH', 'user@gmail.com', 8, 22452000, NULL, '2024-09-20', 1, 'VN Pay', 'SUCCESS', '2024-01-01'),
('T424IH', 'user@gmail.com', 8, 21652000, NULL, '2024-09-21', 1, 'VN Pay', 'SUCCESS', '2024-01-01'),
('T425IH', 'user@gmail.com', 8, 2652000, NULL, '2024-09-22', 1, 'VN Pay', 'SUCCESS', '2024-01-01'),
('T426IH', 'user@gmail.com', 8, 22652000, NULL, '2024-09-23', 1, 'VN Pay', 'SUCCESS', '2024-01-01'),
('T427IH', 'user@gmail.com', 8, 2452000, NULL, '2024-09-24', 1, 'VN Pay', 'SUCCESS', '2024-01-01'),
('T428IH', 'user@gmail.com', 8, 2792000, NULL, '2024-09-25', 1, 'VN Pay', 'SUCCESS', '2024-01-01'),
('T429IH', 'user@gmail.com', 8, 2652000, NULL, '2024-09-26', 1, 'VN Pay', 'SUCCESS', '2024-01-01'),
('T430IH', 'user@gmail.com', 8, 52652000, NULL, '2024-09-27', 1, 'VN Pay', 'SUCCESS', '2024-01-01'),
('T431IH', 'user@gmail.com', 8, 2452000, NULL, '2024-09-28', 1, 'VN Pay', 'SUCCESS', '2024-01-01'),
('T432IH', 'user@gmail.com', 8, 2652000, NULL, '2024-09-29', 1, 'VN Pay', 'SUCCESS', '2024-01-01'),
('T433IH', 'user@gmail.com', 8, 2892000, NULL, '2024-09-30', 1, 'VN Pay', 'SUCCESS', '2024-01-01'),
('T4O1IH', 'user@gmail.com', 8, 2652000, NULL, '2024-09-02', 1, 'VN Pay', 'SUCCESS', '2024-01-01'),
('T4O2IH', 'user@gmail.com', 8, 3652000, NULL, '2024-09-01', 1, 'VN Pay', 'SUCCESS', '2024-01-01'),
('T4O5IH', 'user@gmail.com', 8, 592000, NULL, '2024-09-03', 1, 'VN Pay', 'SUCCESS', '2024-01-01'),
('T4O6IH', 'user@gmail.com', 8, 2652000, NULL, '2024-09-04', 1, 'VN Pay', 'SUCCESS', '2024-01-01'),
('T4O7IH', 'user@gmail.com', 8, 8452000, NULL, '2024-09-05', 1, 'VN Pay', 'SUCCESS', '2024-01-01'),
('T4O8IH', 'user@gmail.com', 8, 292000, NULL, '2024-09-06', 1, 'VN Pay', 'SUCCESS', '2024-01-01'),
('T4O9IH', 'user@gmail.com', 8, 16652000, NULL, '2024-09-07', 1, 'VN Pay', 'SUCCESS', '2024-01-01'),
('UIV32R', 'nqbao20042003@gmail.com', 27, 330000, '', '2024-11-21', 2, 'VN Pay', 'SUCCESS', '2024-11-20'),
('ULQQ8A', 'user@gmail.com', 1, 330000, '', '2024-10-24', 1, 'VN Pay', 'CANCELLED', '2024-10-22'),
('VAHZXI', 'nqbao20042003@gmail.com', 27, 165000, '', '2024-11-21', 2, 'VN Pay', 'CANCELLED', '2024-11-20'),
('W2U6AJ', 'nqbao20042003@gmail.com', 24, 450000, '', '2024-11-16', 2, 'VN Pay', 'CANCELLED', '2024-11-14'),
('WHKZAW', 'nqbao20042003@gmail.com', 41, 330000, '', '2024-12-02', 1, 'VN Pay', 'SUCCESS', '2024-11-30'),
('X1M741', 'nqbao20042003@gmail.com', 24, 900000, '', '2024-11-16', 2, 'VN Pay', 'SUCCESS', '2024-11-14'),
('X6J7MF', 'nqbao20042003@gmail.com', 10, 860000, '', '2024-11-29', 1, 'VN Pay', 'SUCCESS', '2024-11-29'),
('Y2F05Z', 'nqbao20042003@gmail.com', 3, 495000, '', '2024-11-29', 1, 'VN Pay', 'SUCCESS', '2024-11-29'),
('Y410IH', 'user@gmail.com', 9, 2652000, NULL, '2024-10-08', 1, 'VN Pay', 'SUCCESS', '2024-01-01'),
('Y411IH', 'user@gmail.com', 9, 24652000, NULL, '2024-10-09', 1, 'VN Pay', 'SUCCESS', '2024-01-01'),
('Y412IH', 'user@gmail.com', 9, 21652000, NULL, '2024-10-09', 1, 'VN Pay', 'SUCCESS', '2024-01-01'),
('Y413IH', 'user@gmail.com', 9, 292000, NULL, '2024-10-10', 1, 'VN Pay', 'SUCCESS', '2024-01-01'),
('Y414IH', 'user@gmail.com', 9, 2452000, NULL, '2024-10-11', 1, 'VN Pay', 'SUCCESS', '2024-01-01'),
('Y415IH', 'user@gmail.com', 9, 23652000, NULL, '2024-10-12', 1, 'VN Pay', 'SUCCESS', '2024-01-01'),
('Y416IH', 'user@gmail.com', 9, 2652000, NULL, '2024-10-13', 1, 'VN Pay', 'SUCCESS', '2024-01-01'),
('Y417IH', 'user@gmail.com', 9, 29652000, NULL, '2024-10-14', 1, 'VN Pay', 'SUCCESS', '2024-01-01'),
('Y418IH', 'user@gmail.com', 9, 2452000, NULL, '2024-10-15', 1, 'VN Pay', 'SUCCESS', '2024-01-01'),
('Y419IH', 'user@gmail.com', 9, 2652000, NULL, '2024-10-16', 1, 'VN Pay', 'SUCCESS', '2024-01-01'),
('Y420IH', 'user@gmail.com', 9, 22652000, NULL, '2024-10-17', 1, 'VN Pay', 'SUCCESS', '2024-01-01'),
('Y421IH', 'user@gmail.com', 9, 2652000, NULL, '2024-10-18', 1, 'VN Pay', 'SUCCESS', '2024-01-01'),
('Y422IH', 'user@gmail.com', 9, 2452000, NULL, '2024-10-19', 1, 'VN Pay', 'SUCCESS', '2024-01-01'),
('Y423IH', 'user@gmail.com', 9, 22452000, NULL, '2024-10-20', 1, 'VN Pay', 'SUCCESS', '2024-01-01'),
('Y424IH', 'user@gmail.com', 9, 21652000, NULL, '2024-10-21', 1, 'VN Pay', 'SUCCESS', '2024-01-01'),
('Y425IH', 'user@gmail.com', 9, 2652000, NULL, '2024-10-22', 1, 'VN Pay', 'SUCCESS', '2024-01-01'),
('Y426IH', 'user@gmail.com', 9, 22652000, NULL, '2024-10-23', 1, 'VN Pay', 'SUCCESS', '2024-01-01'),
('Y427IH', 'user@gmail.com', 9, 2452000, NULL, '2024-10-24', 1, 'VN Pay', 'SUCCESS', '2024-01-01'),
('Y428IH', 'user@gmail.com', 9, 2792000, NULL, '2024-10-25', 1, 'VN Pay', 'SUCCESS', '2024-01-01'),
('Y429IH', 'user@gmail.com', 9, 2652000, NULL, '2024-10-26', 1, 'VN Pay', 'SUCCESS', '2024-01-01'),
('Y430IH', 'user@gmail.com', 9, 52652000, NULL, '2024-10-27', 1, 'VN Pay', 'SUCCESS', '2024-01-01'),
('Y431IH', 'user@gmail.com', 9, 2452000, NULL, '2024-10-28', 1, 'VN Pay', 'SUCCESS', '2024-01-01'),
('Y432IH', 'user@gmail.com', 9, 2652000, NULL, '2024-10-29', 1, 'VN Pay', 'SUCCESS', '2024-10-06'),
('Y433IH', 'user@gmail.com', 9, 2892000, NULL, '2024-10-30', 1, 'VN Pay', 'SUCCESS', '2024-01-01'),
('Y4O1IH', 'user@gmail.com', 9, 2652000, NULL, '2024-10-02', 1, 'VN Pay', 'SUCCESS', '2024-01-01'),
('Y4O2IH', 'user@gmail.com', 9, 3652000, NULL, '2024-10-01', 1, 'VN Pay', 'SUCCESS', '2024-01-01'),
('Y4O5IH', 'user@gmail.com', 9, 592000, NULL, '2024-10-03', 1, 'VN Pay', 'SUCCESS', '2024-01-01'),
('Y4O6IH', 'user@gmail.com', 9, 2652000, NULL, '2024-10-04', 1, 'VN Pay', 'SUCCESS', '2024-01-01'),
('Y4O7IH', 'user@gmail.com', 9, 8452000, NULL, '2024-10-05', 1, 'VN Pay', 'SUCCESS', '2024-01-01'),
('Y4O8IH', 'user@gmail.com', 9, 292000, NULL, '2024-10-06', 1, 'VN Pay', 'SUCCESS', '2024-01-01'),
('Y4O9IH', 'user@gmail.com', 9, 16652000, NULL, '2024-10-07', 1, 'VN Pay', 'SUCCESS', '2024-01-01'),
('YL43RX', 'nqbao20042003@gmail.com', 40, 600000, '', '2024-12-02', 16, 'VN Pay', 'CANCELLED', '2024-11-30'),
('YLNPCA', 'nqbao20042003@gmail.com', 29, 1200000, '', '2024-11-23', 14, 'VN Pay', 'SUCCESS', '2024-11-22'),
('Z0G288', 'nqbao20042003@gmail.com', 23, 495000, '', '2024-11-15', 2, 'VN Pay', 'SUCCESS', '2024-11-14');

-- --------------------------------------------------------

--
-- Cấu trúc bảng cho bảng `ticket_seat`
--

CREATE TABLE `ticket_seat` (
  `ticket_id` varchar(255) NOT NULL,
  `seat_id` int(11) NOT NULL
) ENGINE=InnoDB DEFAULT CHARSET=utf8mb4 COLLATE=utf8mb4_general_ci;

--
-- Đang đổ dữ liệu cho bảng `ticket_seat`
--

INSERT INTO `ticket_seat` (`ticket_id`, `seat_id`) VALUES
('0HECMO', 28),
('0HECMO', 36),
('30OZYS', 31),
('30OZYS', 32),
('30OZYS', 36),
('9NFSFC', 10),
('9NFSFC', 11),
('9NFSFC', 14),
('BTSXRE', 1),
('BTSXRE', 3),
('BTSXRE', 6),
('BTSXRE', 9),
('BTSXRE', 12),
('CZM7DT', 24),
('G4O3IH', 1),
('G4O3IH', 3),
('G4O3IH', 6),
('G4O3IH', 9),
('G4O3IH', 12),
('ILYM1L', 14),
('ILYM1L', 22),
('KHON4W', 11),
('KHON4W', 14),
('KHON4W', 31),
('KHON4W', 34),
('LAY2UI', 10),
('LAY2UI', 11),
('LEXKVQ', 35),
('LEXKVQ', 38),
('M1PEBS', 3),
('MQJL0H', 16),
('MQJL0H', 17),
('MQJL0H', 37),
('MQJL0H', 38),
('MQJL0H', 39),
('QEI37T', 10),
('QEI37T', 11),
('RSMOCT', 10),
('RSMOCT', 11),
('UIV32R', 23),
('UIV32R', 25),
('ULQQ8A', 1),
('ULQQ8A', 3),
('WHKZAW', 28),
('WHKZAW', 31),
('X1M741', 14),
('X1M741', 37),
('X6J7MF', 35),
('X6J7MF', 38),
('Y2F05Z', 30),
('Y2F05Z', 31),
('Y2F05Z', 34),
('YLNPCA', 31),
('YLNPCA', 34),
('Z0G288', 2),
('Z0G288', 5),
('Z0G288', 8);

-- --------------------------------------------------------

--
-- Cấu trúc bảng cho bảng `trip`
--

CREATE TABLE `trip` (
  `trip_id` int(11) NOT NULL,
  `route_id` int(11) NOT NULL,
  `bus_id` int(11) NOT NULL,
  `departure_time` time(6) DEFAULT NULL
) ENGINE=InnoDB DEFAULT CHARSET=utf8mb4 COLLATE=utf8mb4_general_ci;

--
-- Đang đổ dữ liệu cho bảng `trip`
--

INSERT INTO `trip` (`trip_id`, `route_id`, `bus_id`, `departure_time`) VALUES
(1, 1, 1, '00:00:00.000000'),
(2, 1, 4, '06:00:00.000000'),
(3, 1, 13, '15:00:00.000000'),
(4, 1, 14, '20:00:00.000000'),
(5, 4, 14, '00:00:00.000000'),
(6, 4, 1, '06:00:00.000000'),
(7, 4, 4, '15:00:00.000000'),
(8, 4, 13, '20:00:00.000000'),
(9, 2, 7, '00:00:00.000000'),
(10, 2, 8, '12:00:00.000000'),
(11, 3, 5, '00:00:00.000000'),
(12, 3, 15, '12:00:00.000000'),
(13, 3, 6, '20:00:00.000000'),
(14, 5, 15, '00:00:00.000000'),
(15, 5, 6, '12:00:00.000000'),
(16, 5, 5, '20:00:00.000000'),
(17, 6, 8, '00:00:00.000000'),
(18, 6, 7, '12:00:00.000000'),
(20, 3, 11, '17:00:00.000000'),
(21, 3, 12, '13:00:00.000000'),
(22, 3, 17, '05:45:00.000000'),
(23, 4, 20, '00:00:00.000000'),
(24, 8, 18, '01:15:00.000000'),
(25, 9, 1, '00:00:00.000000'),
(26, 4, 4, '00:00:00.000000'),
(27, 4, 4, '00:15:00.000000'),
(28, 1, 8, '00:30:00.000000'),
(29, 9, 6, '00:00:00.000000'),
(30, 2, 12, '00:00:00.000000'),
(31, 7, 10, '05:30:00.000000'),
(32, 7, 7, '00:30:00.000000'),
(40, 9, 1, '23:00:00.000000'),
(41, 1, 4, '23:00:00.000000'),
(42, 4, 7, '23:00:00.000000'),
(47, 5, 8, '00:15:00.000000'),
(48, 1, 11, '23:00:00.000000'),
(50, 4, 6, '15:00:00.000000'),
(53, 1, 29, '21:15:00.000000'),
(54, 1, 5, '00:00:00.000000'),
(55, 1, 6, '02:00:00.000000'),
(56, 1, 30, '04:45:00.000000'),
(57, 1, 18, '22:15:00.000000');

-- --------------------------------------------------------

--
-- Cấu trúc bảng cho bảng `trip_date`
--

CREATE TABLE `trip_date` (
  `trip_id` int(11) NOT NULL,
  `date_id` int(11) NOT NULL
) ENGINE=InnoDB DEFAULT CHARSET=utf8mb4 COLLATE=utf8mb4_general_ci;

--
-- Đang đổ dữ liệu cho bảng `trip_date`
--

INSERT INTO `trip_date` (`trip_id`, `date_id`) VALUES
(1, 1),
(1, 2),
(1, 3),
(1, 4),
(1, 5),
(1, 6),
(1, 7),
(1, 8),
(1, 9),
(1, 10),
(1, 11),
(1, 12),
(1, 13),
(1, 14),
(1, 15),
(1, 16),
(1, 17),
(1, 18),
(1, 19),
(1, 20),
(1, 21),
(1, 22),
(1, 23),
(1, 24),
(1, 25),
(1, 26),
(1, 27),
(1, 28),
(1, 29),
(1, 30),
(1, 31),
(1, 32),
(1, 33),
(1, 34),
(1, 35),
(1, 36),
(1, 37),
(1, 38),
(1, 39),
(1, 40),
(1, 41),
(1, 42),
(1, 43),
(1, 44),
(1, 45),
(1, 46),
(1, 47),
(1, 48),
(1, 49),
(1, 50),
(1, 51),
(1, 52),
(1, 53),
(1, 54),
(1, 55),
(1, 56),
(1, 57),
(1, 58),
(1, 59),
(1, 60),
(1, 61),
(1, 62),
(1, 63),
(1, 64),
(1, 65),
(1, 66),
(1, 67),
(1, 68),
(1, 69),
(1, 70),
(1, 71),
(1, 72),
(1, 73),
(1, 74),
(1, 75),
(1, 76),
(1, 77),
(1, 78),
(1, 79),
(1, 80),
(1, 81),
(1, 82),
(1, 83),
(1, 84),
(1, 85),
(1, 86),
(1, 87),
(1, 88),
(1, 89),
(1, 90),
(1, 91),
(1, 92),
(1, 93),
(1, 94),
(1, 95),
(1, 96),
(1, 97),
(1, 98),
(1, 99),
(1, 100),
(1, 101),
(1, 102),
(1, 103),
(1, 104),
(1, 105),
(1, 106),
(1, 107),
(1, 108),
(1, 109),
(1, 110),
(1, 111),
(1, 112),
(1, 113),
(1, 114),
(1, 115),
(1, 116),
(1, 117),
(1, 118),
(1, 119),
(1, 120),
(1, 121),
(1, 122),
(1, 123),
(1, 124),
(1, 125),
(1, 126),
(1, 127),
(1, 128),
(1, 129),
(1, 130),
(1, 131),
(1, 132),
(1, 133),
(1, 134),
(1, 135),
(1, 136),
(1, 137),
(1, 138),
(1, 139),
(1, 140),
(1, 141),
(1, 142),
(1, 143),
(1, 144),
(1, 145),
(1, 146),
(1, 147),
(1, 148),
(1, 149),
(1, 150),
(1, 151),
(1, 152),
(1, 153),
(1, 154),
(1, 155),
(1, 156),
(1, 157),
(1, 158),
(1, 159),
(1, 160),
(1, 161),
(1, 162),
(1, 163),
(1, 164),
(1, 165),
(1, 166),
(1, 167),
(1, 168),
(1, 169),
(1, 170),
(1, 171),
(1, 172),
(1, 173),
(1, 174),
(1, 175),
(1, 176),
(1, 177),
(1, 178),
(1, 179),
(1, 180),
(1, 181),
(1, 182),
(1, 183),
(1, 184),
(1, 185),
(1, 186),
(1, 187),
(1, 188),
(1, 189),
(1, 190),
(1, 191),
(1, 192),
(1, 193),
(1, 194),
(1, 195),
(1, 196),
(1, 197),
(1, 198),
(1, 199),
(1, 200),
(1, 201),
(1, 202),
(1, 203),
(1, 204),
(1, 205),
(1, 206),
(1, 207),
(1, 208),
(1, 209),
(1, 210),
(1, 211),
(1, 212),
(1, 213),
(1, 214),
(1, 215),
(1, 216),
(1, 217),
(1, 218),
(1, 219),
(1, 220),
(1, 221),
(1, 222),
(1, 223),
(1, 224),
(1, 225),
(1, 226),
(1, 227),
(1, 228),
(1, 229),
(1, 230),
(1, 231),
(1, 232),
(1, 233),
(1, 234),
(1, 235),
(1, 236),
(1, 237),
(1, 238),
(1, 239),
(1, 240),
(1, 241),
(1, 242),
(1, 243),
(1, 244),
(1, 245),
(1, 246),
(1, 247),
(1, 248),
(1, 249),
(1, 250),
(1, 251),
(1, 252),
(1, 253),
(1, 254),
(1, 255),
(1, 256),
(1, 257),
(1, 258),
(1, 259),
(1, 260),
(1, 261),
(1, 262),
(1, 263),
(1, 264),
(1, 265),
(1, 266),
(1, 267),
(1, 268),
(1, 269),
(1, 270),
(1, 271),
(1, 272),
(1, 273),
(1, 274),
(1, 275),
(1, 276),
(1, 277),
(1, 278),
(1, 279),
(1, 280),
(1, 281),
(1, 282),
(1, 283),
(1, 284),
(1, 285),
(1, 286),
(1, 287),
(1, 288),
(1, 289),
(1, 290),
(1, 291),
(1, 292),
(1, 293),
(1, 294),
(1, 295),
(1, 296),
(1, 297),
(1, 298),
(1, 299),
(1, 300),
(1, 301),
(1, 302),
(1, 303),
(1, 304),
(1, 305),
(1, 306),
(1, 307),
(1, 308),
(1, 309),
(1, 310),
(1, 311),
(1, 312),
(1, 313),
(1, 314),
(1, 315),
(1, 316),
(1, 317),
(1, 318),
(1, 319),
(1, 320),
(1, 321),
(1, 322),
(1, 323),
(1, 324),
(1, 325),
(1, 326),
(1, 327),
(1, 328),
(1, 329),
(1, 330),
(1, 331),
(1, 332),
(1, 333),
(1, 334),
(2, 1),
(2, 2),
(2, 3),
(2, 4),
(2, 5),
(2, 6),
(2, 7),
(2, 8),
(2, 9),
(2, 10),
(2, 11),
(2, 12),
(2, 13),
(2, 14),
(2, 15),
(2, 16),
(2, 17),
(2, 18),
(2, 19),
(2, 20),
(2, 21),
(2, 22),
(2, 23),
(2, 24),
(2, 25),
(2, 26),
(2, 27),
(2, 28),
(2, 29),
(2, 30),
(2, 31),
(2, 32),
(2, 33),
(2, 34),
(2, 35),
(2, 36),
(2, 37),
(2, 38),
(2, 39),
(2, 40),
(2, 41),
(2, 42),
(2, 43),
(2, 44),
(2, 45),
(2, 46),
(2, 47),
(2, 48),
(2, 49),
(2, 50),
(2, 51),
(2, 52),
(2, 53),
(2, 54),
(2, 55),
(2, 56),
(2, 57),
(2, 58),
(2, 59),
(2, 60),
(2, 61),
(2, 62),
(2, 63),
(2, 64),
(2, 65),
(2, 66),
(2, 67),
(2, 68),
(2, 69),
(2, 70),
(2, 71),
(2, 72),
(2, 73),
(2, 74),
(2, 75),
(2, 76),
(2, 77),
(2, 78),
(2, 79),
(2, 80),
(2, 81),
(2, 82),
(2, 83),
(2, 84),
(2, 85),
(2, 86),
(2, 87),
(2, 88),
(2, 89),
(2, 90),
(2, 91),
(2, 92),
(2, 93),
(2, 94),
(2, 95),
(2, 96),
(2, 97),
(2, 98),
(2, 99),
(2, 100),
(2, 101),
(2, 102),
(2, 103),
(2, 104),
(2, 105),
(2, 106),
(2, 107),
(2, 108),
(2, 109),
(2, 110),
(2, 111),
(2, 112),
(2, 113),
(2, 114),
(2, 115),
(2, 116),
(2, 117),
(2, 118),
(2, 119),
(2, 120),
(2, 121),
(2, 122),
(2, 123),
(2, 124),
(2, 125),
(2, 126),
(2, 127),
(2, 128),
(2, 129),
(2, 130),
(2, 131),
(2, 132),
(2, 133),
(2, 134),
(2, 135),
(2, 136),
(2, 137),
(2, 138),
(2, 139),
(2, 140),
(2, 141),
(2, 142),
(2, 143),
(2, 144),
(2, 145),
(2, 146),
(2, 147),
(2, 148),
(2, 149),
(2, 150),
(2, 151),
(2, 152),
(2, 153),
(2, 154),
(2, 155),
(2, 156),
(2, 157),
(2, 158),
(2, 159),
(2, 160),
(2, 161),
(2, 162),
(2, 163),
(2, 164),
(2, 165),
(2, 166),
(2, 167),
(2, 168),
(2, 169),
(2, 170),
(2, 171),
(2, 172),
(2, 173),
(2, 174),
(2, 175),
(2, 176),
(2, 177),
(2, 178),
(2, 179),
(2, 180),
(2, 181),
(2, 182),
(2, 183),
(2, 184),
(2, 185),
(2, 186),
(2, 187),
(2, 188),
(2, 189),
(2, 190),
(2, 191),
(2, 192),
(2, 193),
(2, 194),
(2, 195),
(2, 196),
(2, 197),
(2, 198),
(2, 199),
(2, 200),
(2, 201),
(2, 202),
(2, 203),
(2, 204),
(2, 205),
(2, 206),
(2, 207),
(2, 208),
(2, 209),
(2, 210),
(2, 211),
(2, 212),
(2, 213),
(2, 214),
(2, 215),
(2, 216),
(2, 217),
(2, 218),
(2, 219),
(2, 220),
(2, 221),
(2, 222),
(2, 223),
(2, 224),
(2, 225),
(2, 226),
(2, 227),
(2, 228),
(2, 229),
(2, 230),
(2, 231),
(2, 232),
(2, 233),
(2, 234),
(2, 235),
(2, 236),
(2, 237),
(2, 238),
(2, 239),
(2, 240),
(2, 241),
(2, 242),
(2, 243),
(2, 244),
(2, 245),
(2, 246),
(2, 247),
(2, 248),
(2, 249),
(2, 250),
(2, 251),
(2, 252),
(2, 253),
(2, 254),
(2, 255),
(2, 256),
(2, 257),
(2, 258),
(2, 259),
(2, 260),
(2, 261),
(2, 262),
(2, 263),
(2, 264),
(2, 265),
(2, 266),
(2, 267),
(2, 268),
(2, 269),
(2, 270),
(2, 271),
(2, 272),
(2, 273),
(2, 274),
(2, 275),
(2, 276),
(2, 277),
(2, 278),
(2, 279),
(2, 280),
(2, 281),
(2, 282),
(2, 283),
(2, 284),
(2, 285),
(2, 286),
(2, 287),
(2, 288),
(2, 289),
(2, 290),
(2, 291),
(2, 292),
(2, 293),
(2, 294),
(2, 295),
(2, 296),
(2, 297),
(2, 298),
(2, 299),
(2, 300),
(2, 301),
(2, 302),
(2, 303),
(2, 304),
(2, 305),
(2, 306),
(2, 307),
(2, 308),
(2, 309),
(2, 310),
(2, 311),
(2, 312),
(2, 313),
(2, 314),
(2, 315),
(2, 316),
(2, 317),
(2, 318),
(2, 319),
(2, 320),
(2, 321),
(2, 322),
(2, 323),
(2, 324),
(2, 325),
(2, 326),
(2, 327),
(2, 328),
(2, 329),
(2, 330),
(2, 331),
(2, 332),
(2, 333),
(2, 334),
(3, 1),
(3, 2),
(3, 3),
(3, 4),
(3, 5),
(3, 6),
(3, 7),
(3, 8),
(3, 9),
(3, 10),
(3, 11),
(3, 12),
(3, 13),
(3, 14),
(3, 15),
(3, 16),
(3, 17),
(3, 18),
(3, 19),
(3, 20),
(3, 21),
(3, 22),
(3, 23),
(3, 24),
(3, 25),
(3, 26),
(3, 27),
(3, 28),
(3, 29),
(3, 30),
(3, 31),
(3, 32),
(3, 33),
(3, 34),
(3, 35),
(3, 36),
(3, 37),
(3, 38),
(3, 39),
(3, 40),
(3, 41),
(3, 42),
(3, 43),
(3, 44),
(3, 45),
(3, 46),
(3, 47),
(3, 48),
(3, 49),
(3, 50),
(3, 51),
(3, 52),
(3, 53),
(3, 54),
(3, 55),
(3, 56),
(3, 57),
(3, 58),
(3, 59),
(3, 60),
(3, 61),
(3, 62),
(3, 63),
(3, 64),
(3, 65),
(3, 66),
(3, 67),
(3, 68),
(3, 69),
(3, 70),
(3, 71),
(3, 72),
(3, 73),
(3, 74),
(3, 75),
(3, 76),
(3, 77),
(3, 78),
(3, 79),
(3, 80),
(3, 81),
(3, 82),
(3, 83),
(3, 84),
(3, 85),
(3, 86),
(3, 87),
(3, 88),
(3, 89),
(3, 90),
(3, 91),
(3, 92),
(3, 93),
(3, 94),
(3, 95),
(3, 96),
(3, 97),
(3, 98),
(3, 99),
(3, 100),
(3, 101),
(3, 102),
(3, 103),
(3, 104),
(3, 105),
(3, 106),
(3, 107),
(3, 108),
(3, 109),
(3, 110),
(3, 111),
(3, 112),
(3, 113),
(3, 114),
(3, 115),
(3, 116),
(3, 117),
(3, 118),
(3, 119),
(3, 120),
(3, 121),
(3, 122),
(3, 123),
(3, 124),
(3, 125),
(3, 126),
(3, 127),
(3, 128),
(3, 129),
(3, 130),
(3, 131),
(3, 132),
(3, 133),
(3, 134),
(3, 135),
(3, 136),
(3, 137),
(3, 138),
(3, 139),
(3, 140),
(3, 141),
(3, 142),
(3, 143),
(3, 144),
(3, 145),
(3, 146),
(3, 147),
(3, 148),
(3, 149),
(3, 150),
(3, 151),
(3, 152),
(3, 153),
(3, 154),
(3, 155),
(3, 156),
(3, 157),
(3, 158),
(3, 159),
(3, 160),
(3, 161),
(3, 162),
(3, 163),
(3, 164),
(3, 165),
(3, 166),
(3, 167),
(3, 168),
(3, 169),
(3, 170),
(3, 171),
(3, 172),
(3, 173),
(3, 174),
(3, 175),
(3, 176),
(3, 177),
(3, 178),
(3, 179),
(3, 180),
(3, 181),
(3, 182),
(3, 183),
(3, 184),
(3, 185),
(3, 186),
(3, 187),
(3, 188),
(3, 189),
(3, 190),
(3, 191),
(3, 192),
(3, 193),
(3, 194),
(3, 195),
(3, 196),
(3, 197),
(3, 198),
(3, 199),
(3, 200),
(3, 201),
(3, 202),
(3, 203),
(3, 204),
(3, 205),
(3, 206),
(3, 207),
(3, 208),
(3, 209),
(3, 210),
(3, 211),
(3, 212),
(3, 213),
(3, 214),
(3, 215),
(3, 216),
(3, 217),
(3, 218),
(3, 219),
(3, 220),
(3, 221),
(3, 222),
(3, 223),
(3, 224),
(3, 225),
(3, 226),
(3, 227),
(3, 228),
(3, 229),
(3, 230),
(3, 231),
(3, 232),
(3, 233),
(3, 234),
(3, 235),
(3, 236),
(3, 237),
(3, 238),
(3, 239),
(3, 240),
(3, 241),
(3, 242),
(3, 243),
(3, 244),
(3, 245),
(3, 246),
(3, 247),
(3, 248),
(3, 249),
(3, 250),
(3, 251),
(3, 252),
(3, 253),
(3, 254),
(3, 255),
(3, 256),
(3, 257),
(3, 258),
(3, 259),
(3, 260),
(3, 261),
(3, 262),
(3, 263),
(3, 264),
(3, 265),
(3, 266),
(3, 267),
(3, 268),
(3, 269),
(3, 270),
(3, 271),
(3, 272),
(3, 273),
(3, 274),
(3, 275),
(3, 276),
(3, 277),
(3, 278),
(3, 279),
(3, 280),
(3, 281),
(3, 282),
(3, 283),
(3, 284),
(3, 285),
(3, 286),
(3, 287),
(3, 288),
(3, 289),
(3, 290),
(3, 291),
(3, 292),
(3, 293),
(3, 294),
(3, 295),
(3, 296),
(3, 297),
(3, 298),
(3, 299),
(3, 300),
(3, 301),
(3, 302),
(3, 303),
(3, 304),
(3, 305),
(3, 306),
(3, 307),
(3, 308),
(3, 309),
(3, 310),
(3, 311),
(3, 312),
(3, 313),
(3, 314),
(3, 315),
(3, 316),
(3, 317),
(3, 318),
(3, 319),
(3, 320),
(3, 321),
(3, 322),
(3, 323),
(3, 324),
(3, 325),
(3, 326),
(3, 327),
(3, 328),
(3, 329),
(3, 330),
(3, 331),
(3, 332),
(3, 333),
(3, 334),
(4, 1),
(4, 2),
(4, 3),
(4, 4),
(4, 5),
(4, 6),
(4, 7),
(4, 8),
(4, 9),
(4, 10),
(4, 11),
(4, 12),
(4, 13),
(4, 14),
(4, 15),
(4, 16),
(4, 17),
(4, 18),
(4, 19),
(4, 20),
(4, 21),
(4, 22),
(4, 23),
(4, 24),
(4, 25),
(4, 26),
(4, 27),
(4, 28),
(4, 29),
(4, 30),
(4, 31),
(4, 32),
(4, 33),
(4, 34),
(4, 35),
(4, 36),
(4, 37),
(4, 38),
(4, 39),
(4, 40),
(4, 41),
(4, 42),
(4, 43),
(4, 44),
(4, 45),
(4, 46),
(4, 47),
(4, 48),
(4, 49),
(4, 50),
(4, 51),
(4, 52),
(4, 53),
(4, 54),
(4, 55),
(4, 56),
(4, 57),
(4, 58),
(4, 59),
(4, 60),
(4, 61),
(4, 62),
(4, 63),
(4, 64),
(4, 65),
(4, 66),
(4, 67),
(4, 68),
(4, 69),
(4, 70),
(4, 71),
(4, 72),
(4, 73),
(4, 74),
(4, 75),
(4, 76),
(4, 77),
(4, 78),
(4, 79),
(4, 80),
(4, 81),
(4, 82),
(4, 83),
(4, 84),
(4, 85),
(4, 86),
(4, 87),
(4, 88),
(4, 89),
(4, 90),
(4, 91),
(4, 92),
(4, 93),
(4, 94),
(4, 95),
(4, 96),
(4, 97),
(4, 98),
(4, 99),
(4, 100),
(4, 101),
(4, 102),
(4, 103),
(4, 104),
(4, 105),
(4, 106),
(4, 107),
(4, 108),
(4, 109),
(4, 110),
(4, 111),
(4, 112),
(4, 113),
(4, 114),
(4, 115),
(4, 116),
(4, 117),
(4, 118),
(4, 119),
(4, 120),
(4, 121),
(4, 122),
(4, 123),
(4, 124),
(4, 125),
(4, 126),
(4, 127),
(4, 128),
(4, 129),
(4, 130),
(4, 131),
(4, 132),
(4, 133),
(4, 134),
(4, 135),
(4, 136),
(4, 137),
(4, 138),
(4, 139),
(4, 140),
(4, 141),
(4, 142),
(4, 143),
(4, 144),
(4, 145),
(4, 146),
(4, 147),
(4, 148),
(4, 149),
(4, 150),
(4, 151),
(4, 152),
(4, 153),
(4, 154),
(4, 155),
(4, 156),
(4, 157),
(4, 158),
(4, 159),
(4, 160),
(4, 161),
(4, 162),
(4, 163),
(4, 164),
(4, 165),
(4, 166),
(4, 167),
(4, 168),
(4, 169),
(4, 170),
(4, 171),
(4, 172),
(4, 173),
(4, 174),
(4, 175),
(4, 176),
(4, 177),
(4, 178),
(4, 179),
(4, 180),
(4, 181),
(4, 182),
(4, 183),
(4, 184),
(4, 185),
(4, 186),
(4, 187),
(4, 188),
(4, 189),
(4, 190),
(4, 191),
(4, 192),
(4, 193),
(4, 194),
(4, 195),
(4, 196),
(4, 197),
(4, 198),
(4, 199),
(4, 200),
(4, 201),
(4, 202),
(4, 203),
(4, 204),
(4, 205),
(4, 206),
(4, 207),
(4, 208),
(4, 209),
(4, 210),
(4, 211),
(4, 212),
(4, 213),
(4, 214),
(4, 215),
(4, 216),
(4, 217),
(4, 218),
(4, 219),
(4, 220),
(4, 221),
(4, 222),
(4, 223),
(4, 224),
(4, 225),
(4, 226),
(4, 227),
(4, 228),
(4, 229),
(4, 230),
(4, 231),
(4, 232),
(4, 233),
(4, 234),
(4, 235),
(4, 236),
(4, 237),
(4, 238),
(4, 239),
(4, 240),
(4, 241),
(4, 242),
(4, 243),
(4, 244),
(4, 245),
(4, 246),
(4, 247),
(4, 248),
(4, 249),
(4, 250),
(4, 251),
(4, 252),
(4, 253),
(4, 254),
(4, 255),
(4, 256),
(4, 257),
(4, 258),
(4, 259),
(4, 260),
(4, 261),
(4, 262),
(4, 263),
(4, 264),
(4, 265),
(4, 266),
(4, 267),
(4, 268),
(4, 269),
(4, 270),
(4, 271),
(4, 272),
(4, 273),
(4, 274),
(4, 275),
(4, 276),
(4, 277),
(4, 278),
(4, 279),
(4, 280),
(4, 281),
(4, 282),
(4, 283),
(4, 284),
(4, 285),
(4, 286),
(4, 287),
(4, 288),
(4, 289),
(4, 290),
(4, 291),
(4, 292),
(4, 293),
(4, 294),
(4, 295),
(4, 296),
(4, 297),
(4, 298),
(4, 299),
(4, 300),
(4, 301),
(4, 302),
(4, 303),
(4, 304),
(4, 305),
(4, 306),
(4, 307),
(4, 308),
(4, 309),
(4, 310),
(4, 311),
(4, 312),
(4, 313),
(4, 314),
(4, 315),
(4, 316),
(4, 317),
(4, 318),
(4, 319),
(4, 320),
(4, 321),
(4, 322),
(4, 323),
(4, 324),
(4, 325),
(4, 326),
(4, 327),
(4, 328),
(4, 329),
(4, 330),
(4, 331),
(4, 332),
(4, 333),
(4, 334),
(5, 1),
(5, 2),
(5, 3),
(5, 4),
(5, 5),
(5, 6),
(5, 7),
(5, 8),
(5, 9),
(5, 10),
(5, 11),
(5, 12),
(5, 13),
(5, 14),
(5, 15),
(5, 16),
(5, 17),
(5, 18),
(5, 19),
(5, 20),
(5, 21),
(5, 22),
(5, 23),
(5, 24),
(5, 25),
(5, 26),
(5, 27),
(5, 28),
(5, 29),
(5, 30),
(5, 31),
(5, 32),
(5, 33),
(5, 34),
(5, 35),
(5, 36),
(5, 37),
(5, 38),
(5, 39),
(5, 40),
(5, 41),
(5, 42),
(5, 43),
(5, 44),
(5, 45),
(5, 46),
(5, 47),
(5, 48),
(5, 49),
(5, 50),
(5, 51),
(5, 52),
(5, 53),
(5, 54),
(5, 55),
(5, 56),
(5, 57),
(5, 58),
(5, 59),
(5, 60),
(5, 61),
(5, 62),
(5, 63),
(5, 64),
(5, 65),
(5, 66),
(5, 67),
(5, 68),
(5, 69),
(5, 70),
(5, 71),
(5, 72),
(5, 73),
(5, 74),
(5, 75),
(5, 76),
(5, 77),
(5, 78),
(5, 79),
(5, 80),
(5, 81),
(5, 82),
(5, 83),
(5, 84),
(5, 85),
(5, 86),
(5, 87),
(5, 88),
(5, 89),
(5, 90),
(5, 91),
(5, 92),
(5, 93),
(5, 94),
(5, 95),
(5, 96),
(5, 97),
(5, 98),
(5, 99),
(5, 100),
(5, 101),
(5, 102),
(5, 103),
(5, 104),
(5, 105),
(5, 106),
(5, 107),
(5, 108),
(5, 109),
(5, 110),
(5, 111),
(5, 112),
(5, 113),
(5, 114),
(5, 115),
(5, 116),
(5, 117),
(5, 118),
(5, 119),
(5, 120),
(5, 121),
(5, 122),
(5, 123),
(5, 124),
(5, 125),
(5, 126),
(5, 127),
(5, 128),
(5, 129),
(5, 130),
(5, 131),
(5, 132),
(5, 133),
(5, 134),
(5, 135),
(5, 136),
(5, 137),
(5, 138),
(5, 139),
(5, 140),
(5, 141),
(5, 142),
(5, 143),
(5, 144),
(5, 145),
(5, 146),
(5, 147),
(5, 148),
(5, 149),
(5, 150),
(5, 151),
(5, 152),
(5, 153),
(5, 154),
(5, 155),
(5, 156),
(5, 157),
(5, 158),
(5, 159),
(5, 160),
(5, 161),
(5, 162),
(5, 163),
(5, 164),
(5, 165),
(5, 166),
(5, 167),
(5, 168),
(5, 169),
(5, 170),
(5, 171),
(5, 172),
(5, 173),
(5, 174),
(5, 175),
(5, 176),
(5, 177),
(5, 178),
(5, 179),
(5, 180),
(5, 181),
(5, 182),
(5, 183),
(5, 184),
(5, 185),
(5, 186),
(5, 187),
(5, 188),
(5, 189),
(5, 190),
(5, 191),
(5, 192),
(5, 193),
(5, 194),
(5, 195),
(5, 196),
(5, 197),
(5, 198),
(5, 199),
(5, 200),
(5, 201),
(5, 202),
(5, 203),
(5, 204),
(5, 205),
(5, 206),
(5, 207),
(5, 208),
(5, 209),
(5, 210),
(5, 211),
(5, 212),
(5, 213),
(5, 214),
(5, 215),
(5, 216),
(5, 217),
(5, 218),
(5, 219),
(5, 220),
(5, 221),
(5, 222),
(5, 223),
(5, 224),
(5, 225),
(5, 226),
(5, 227),
(5, 228),
(5, 229),
(5, 230),
(5, 231),
(5, 232),
(5, 233),
(5, 234),
(5, 235),
(5, 236),
(5, 237),
(5, 238),
(5, 239),
(5, 240),
(5, 241),
(5, 242),
(5, 243),
(5, 244),
(5, 245),
(5, 246),
(5, 247),
(5, 248),
(5, 249),
(5, 250),
(5, 251),
(5, 252),
(5, 253),
(5, 254),
(5, 255),
(5, 256),
(5, 257),
(5, 258),
(5, 259),
(5, 260),
(5, 261),
(5, 262),
(5, 263),
(5, 264),
(5, 265),
(5, 266),
(5, 267),
(5, 268),
(5, 269),
(5, 270),
(5, 271),
(5, 272),
(5, 273),
(5, 274),
(5, 275),
(5, 276),
(5, 277),
(5, 278),
(5, 279),
(5, 280),
(5, 281),
(5, 282),
(5, 283),
(5, 284),
(5, 285),
(5, 286),
(5, 287),
(5, 288),
(5, 289),
(5, 290),
(5, 291),
(5, 292),
(5, 293),
(5, 294),
(5, 295),
(5, 296),
(5, 297),
(5, 298),
(5, 299),
(5, 300),
(5, 301),
(5, 302),
(5, 303),
(5, 304),
(5, 305),
(5, 306),
(5, 307),
(5, 308),
(5, 309),
(5, 310),
(5, 311),
(5, 312),
(5, 313),
(5, 314),
(5, 315),
(5, 316),
(5, 317),
(5, 318),
(5, 319),
(5, 320),
(5, 321),
(5, 322),
(5, 323),
(5, 324),
(5, 325),
(5, 326),
(5, 327),
(5, 328),
(5, 329),
(5, 330),
(5, 331),
(5, 332),
(5, 333),
(5, 334),
(6, 1),
(6, 2),
(6, 3),
(6, 4),
(6, 5),
(6, 6),
(6, 7),
(6, 8),
(6, 9),
(6, 10),
(6, 11),
(6, 12),
(6, 13),
(6, 14),
(6, 15),
(6, 16),
(6, 17),
(6, 18),
(6, 19),
(6, 20),
(6, 21),
(6, 22),
(6, 23),
(6, 24),
(6, 25),
(6, 26),
(6, 27),
(6, 28),
(6, 29),
(6, 30),
(6, 31),
(6, 32),
(6, 33),
(6, 34),
(6, 35),
(6, 36),
(6, 37),
(6, 38),
(6, 39),
(6, 40),
(6, 41),
(6, 42),
(6, 43),
(6, 44),
(6, 45),
(6, 46),
(6, 47),
(6, 48),
(6, 49),
(6, 50),
(6, 51),
(6, 52),
(6, 53),
(6, 54),
(6, 55),
(6, 56),
(6, 57),
(6, 58),
(6, 59),
(6, 60),
(6, 61),
(6, 62),
(6, 63),
(6, 64),
(6, 65),
(6, 66),
(6, 67),
(6, 68),
(6, 69),
(6, 70),
(6, 71),
(6, 72),
(6, 73),
(6, 74),
(6, 75),
(6, 76),
(6, 77),
(6, 78),
(6, 79),
(6, 80),
(6, 81),
(6, 82),
(6, 83),
(6, 84),
(6, 85),
(6, 86),
(6, 87),
(6, 88),
(6, 89),
(6, 90),
(6, 91),
(6, 92),
(6, 93),
(6, 94),
(6, 95),
(6, 96),
(6, 97),
(6, 98),
(6, 99),
(6, 100),
(6, 101),
(6, 102),
(6, 103),
(6, 104),
(6, 105),
(6, 106),
(6, 107),
(6, 108),
(6, 109),
(6, 110),
(6, 111),
(6, 112),
(6, 113),
(6, 114),
(6, 115),
(6, 116),
(6, 117),
(6, 118),
(6, 119),
(6, 120),
(6, 121),
(6, 122),
(6, 123),
(6, 124),
(6, 125),
(6, 126),
(6, 127),
(6, 128),
(6, 129),
(6, 130),
(6, 131),
(6, 132),
(6, 133),
(6, 134),
(6, 135),
(6, 136),
(6, 137),
(6, 138),
(6, 139),
(6, 140),
(6, 141),
(6, 142),
(6, 143),
(6, 144),
(6, 145),
(6, 146),
(6, 147),
(6, 148),
(6, 149),
(6, 150),
(6, 151),
(6, 152),
(6, 153),
(6, 154),
(6, 155),
(6, 156),
(6, 157),
(6, 158),
(6, 159),
(6, 160),
(6, 161),
(6, 162),
(6, 163),
(6, 164),
(6, 165),
(6, 166),
(6, 167),
(6, 168),
(6, 169),
(6, 170),
(6, 171),
(6, 172),
(6, 173),
(6, 174),
(6, 175),
(6, 176),
(6, 177),
(6, 178),
(6, 179),
(6, 180),
(6, 181),
(6, 182),
(6, 183),
(6, 184),
(6, 185),
(6, 186),
(6, 187),
(6, 188),
(6, 189),
(6, 190),
(6, 191),
(6, 192),
(6, 193),
(6, 194),
(6, 195),
(6, 196),
(6, 197),
(6, 198),
(6, 199),
(6, 200),
(6, 201),
(6, 202),
(6, 203),
(6, 204),
(6, 205),
(6, 206),
(6, 207),
(6, 208),
(6, 209),
(6, 210),
(6, 211),
(6, 212),
(6, 213),
(6, 214),
(6, 215),
(6, 216),
(6, 217),
(6, 218),
(6, 219),
(6, 220),
(6, 221),
(6, 222),
(6, 223),
(6, 224),
(6, 225),
(6, 226),
(6, 227),
(6, 228),
(6, 229),
(6, 230),
(6, 231),
(6, 232),
(6, 233),
(6, 234),
(6, 235),
(6, 236),
(6, 237),
(6, 238),
(6, 239),
(6, 240),
(6, 241),
(6, 242),
(6, 243),
(6, 244),
(6, 245),
(6, 246),
(6, 247),
(6, 248),
(6, 249),
(6, 250),
(6, 251),
(6, 252),
(6, 253),
(6, 254),
(6, 255),
(6, 256),
(6, 257),
(6, 258),
(6, 259),
(6, 260),
(6, 261),
(6, 262),
(6, 263),
(6, 264),
(6, 265),
(6, 266),
(6, 267),
(6, 268),
(6, 269),
(6, 270),
(6, 271),
(6, 272),
(6, 273),
(6, 274),
(6, 275),
(6, 276),
(6, 277),
(6, 278),
(6, 279),
(6, 280),
(6, 281),
(6, 282),
(6, 283),
(6, 284),
(6, 285),
(6, 286),
(6, 287),
(6, 288),
(6, 289),
(6, 290),
(6, 291),
(6, 292),
(6, 293),
(6, 294),
(6, 295),
(6, 296),
(6, 297),
(6, 298),
(6, 299),
(6, 300),
(6, 301),
(6, 302),
(6, 303),
(6, 304),
(6, 305),
(6, 306),
(6, 307),
(6, 308),
(6, 309),
(6, 310),
(6, 311),
(6, 312),
(6, 313),
(6, 314),
(6, 315),
(6, 316),
(6, 317),
(6, 318),
(6, 319),
(6, 320),
(6, 321),
(6, 322),
(6, 323),
(6, 324),
(6, 325),
(6, 326),
(6, 327),
(6, 328),
(6, 329),
(6, 330),
(6, 331),
(6, 332),
(6, 333),
(6, 334),
(7, 1),
(7, 2),
(7, 3),
(7, 4),
(7, 5),
(7, 6),
(7, 7),
(7, 8),
(7, 9),
(7, 10),
(7, 11),
(7, 12),
(7, 13),
(7, 14),
(7, 15),
(7, 16),
(7, 17),
(7, 18),
(7, 19),
(7, 20),
(7, 21),
(7, 22),
(7, 23),
(7, 24),
(7, 25),
(7, 26),
(7, 27),
(7, 28),
(7, 29),
(7, 30),
(7, 31),
(7, 32),
(7, 33),
(7, 34),
(7, 35),
(7, 36),
(7, 37),
(7, 38),
(7, 39),
(7, 40),
(7, 41),
(7, 42),
(7, 43),
(7, 44),
(7, 45),
(7, 46),
(7, 47),
(7, 48),
(7, 49),
(7, 50),
(7, 51),
(7, 52),
(7, 53),
(7, 54),
(7, 55),
(7, 56),
(7, 57),
(7, 58),
(7, 59),
(7, 60),
(7, 61),
(7, 62),
(7, 63),
(7, 64),
(7, 65),
(7, 66),
(7, 67),
(7, 68),
(7, 69),
(7, 70),
(7, 71),
(7, 72),
(7, 73),
(7, 74),
(7, 75),
(7, 76),
(7, 77),
(7, 78),
(7, 79),
(7, 80),
(7, 81),
(7, 82),
(7, 83),
(7, 84),
(7, 85),
(7, 86),
(7, 87),
(7, 88),
(7, 89),
(7, 90),
(7, 91),
(7, 92),
(7, 93),
(7, 94),
(7, 95),
(7, 96),
(7, 97),
(7, 98),
(7, 99),
(7, 100),
(7, 101),
(7, 102),
(7, 103),
(7, 104),
(7, 105),
(7, 106),
(7, 107),
(7, 108),
(7, 109),
(7, 110),
(7, 111),
(7, 112),
(7, 113),
(7, 114),
(7, 115),
(7, 116),
(7, 117),
(7, 118),
(7, 119),
(7, 120),
(7, 121),
(7, 122),
(7, 123),
(7, 124),
(7, 125),
(7, 126),
(7, 127),
(7, 128),
(7, 129),
(7, 130),
(7, 131),
(7, 132),
(7, 133),
(7, 134),
(7, 135),
(7, 136),
(7, 137),
(7, 138),
(7, 139),
(7, 140),
(7, 141),
(7, 142),
(7, 143),
(7, 144),
(7, 145),
(7, 146),
(7, 147),
(7, 148),
(7, 149),
(7, 150),
(7, 151),
(7, 152),
(7, 153),
(7, 154),
(7, 155),
(7, 156),
(7, 157),
(7, 158),
(7, 159),
(7, 160),
(7, 161),
(7, 162),
(7, 163),
(7, 164),
(7, 165),
(7, 166),
(7, 167),
(7, 168),
(7, 169),
(7, 170),
(7, 171),
(7, 172),
(7, 173),
(7, 174),
(7, 175),
(7, 176),
(7, 177),
(7, 178),
(7, 179),
(7, 180),
(7, 181),
(7, 182),
(7, 183),
(7, 184),
(7, 185),
(7, 186),
(7, 187),
(7, 188),
(7, 189),
(7, 190),
(7, 191),
(7, 192),
(7, 193),
(7, 194),
(7, 195),
(7, 196),
(7, 197),
(7, 198),
(7, 199),
(7, 200),
(7, 201),
(7, 202),
(7, 203),
(7, 204),
(7, 205),
(7, 206),
(7, 207),
(7, 208),
(7, 209),
(7, 210),
(7, 211),
(7, 212),
(7, 213),
(7, 214),
(7, 215),
(7, 216),
(7, 217),
(7, 218),
(7, 219),
(7, 220),
(7, 221),
(7, 222),
(7, 223),
(7, 224),
(7, 225),
(7, 226),
(7, 227),
(7, 228),
(7, 229),
(7, 230),
(7, 231),
(7, 232),
(7, 233),
(7, 234),
(7, 235),
(7, 236),
(7, 237),
(7, 238),
(7, 239),
(7, 240),
(7, 241),
(7, 242),
(7, 243),
(7, 244),
(7, 245),
(7, 246),
(7, 247),
(7, 248),
(7, 249),
(7, 250),
(7, 251),
(7, 252),
(7, 253),
(7, 254),
(7, 255),
(7, 256),
(7, 257),
(7, 258),
(7, 259),
(7, 260),
(7, 261),
(7, 262),
(7, 263),
(7, 264),
(7, 265),
(7, 266),
(7, 267),
(7, 268),
(7, 269),
(7, 270),
(7, 271),
(7, 272),
(7, 273),
(7, 274),
(7, 275),
(7, 276),
(7, 277),
(7, 278),
(7, 279),
(7, 280),
(7, 281),
(7, 282),
(7, 283),
(7, 284),
(7, 285),
(7, 286),
(7, 287),
(7, 288),
(7, 289),
(7, 290),
(7, 291),
(7, 292),
(7, 293),
(7, 294),
(7, 295),
(7, 296),
(7, 297),
(7, 298),
(7, 299),
(7, 300),
(7, 301),
(7, 302),
(7, 303),
(7, 304),
(7, 305),
(7, 306),
(7, 307),
(7, 308),
(7, 309),
(7, 310),
(7, 311),
(7, 312),
(7, 313),
(7, 314),
(7, 315),
(7, 316),
(7, 317),
(7, 318),
(7, 319),
(7, 320),
(7, 321),
(7, 322),
(7, 323),
(7, 324),
(7, 325),
(7, 326),
(7, 327),
(7, 328),
(7, 329),
(7, 330),
(7, 331),
(7, 332),
(7, 333),
(7, 334),
(8, 1),
(8, 2),
(8, 3),
(8, 4),
(8, 5),
(8, 6),
(8, 7),
(8, 8),
(8, 9),
(8, 10),
(8, 11),
(8, 12),
(8, 13),
(8, 14),
(8, 15),
(8, 16),
(8, 17),
(8, 18),
(8, 19),
(8, 20),
(8, 21),
(8, 22),
(8, 23),
(8, 24),
(8, 25),
(8, 26),
(8, 27),
(8, 28),
(8, 29),
(8, 30),
(8, 31),
(8, 32),
(8, 33),
(8, 34),
(8, 35),
(8, 36),
(8, 37),
(8, 38),
(8, 39),
(8, 40),
(8, 41),
(8, 42),
(8, 43),
(8, 44),
(8, 45),
(8, 46),
(8, 47),
(8, 48),
(8, 49),
(8, 50),
(8, 51),
(8, 52),
(8, 53),
(8, 54),
(8, 55),
(8, 56),
(8, 57),
(8, 58),
(8, 59),
(8, 60),
(8, 61),
(8, 62),
(8, 63),
(8, 64),
(8, 65),
(8, 66),
(8, 67),
(8, 68),
(8, 69),
(8, 70),
(8, 71),
(8, 72),
(8, 73),
(8, 74),
(8, 75),
(8, 76),
(8, 77),
(8, 78),
(8, 79),
(8, 80),
(8, 81),
(8, 82),
(8, 83),
(8, 84),
(8, 85),
(8, 86),
(8, 87),
(8, 88),
(8, 89),
(8, 90),
(8, 91),
(8, 92),
(8, 93),
(8, 94),
(8, 95),
(8, 96),
(8, 97),
(8, 98),
(8, 99),
(8, 100),
(8, 101),
(8, 102),
(8, 103),
(8, 104),
(8, 105),
(8, 106),
(8, 107),
(8, 108),
(8, 109),
(8, 110),
(8, 111),
(8, 112),
(8, 113),
(8, 114),
(8, 115),
(8, 116),
(8, 117),
(8, 118),
(8, 119),
(8, 120),
(8, 121),
(8, 122),
(8, 123),
(8, 124),
(8, 125),
(8, 126),
(8, 127),
(8, 128),
(8, 129),
(8, 130),
(8, 131),
(8, 132),
(8, 133),
(8, 134),
(8, 135),
(8, 136),
(8, 137),
(8, 138),
(8, 139),
(8, 140),
(8, 141),
(8, 142),
(8, 143),
(8, 144),
(8, 145),
(8, 146),
(8, 147),
(8, 148),
(8, 149),
(8, 150),
(8, 151),
(8, 152),
(8, 153),
(8, 154),
(8, 155),
(8, 156),
(8, 157),
(8, 158),
(8, 159),
(8, 160),
(8, 161),
(8, 162),
(8, 163),
(8, 164),
(8, 165),
(8, 166),
(8, 167),
(8, 168),
(8, 169),
(8, 170),
(8, 171),
(8, 172),
(8, 173),
(8, 174),
(8, 175),
(8, 176),
(8, 177),
(8, 178),
(8, 179),
(8, 180),
(8, 181),
(8, 182),
(8, 183),
(8, 184),
(8, 185),
(8, 186),
(8, 187),
(8, 188),
(8, 189),
(8, 190),
(8, 191),
(8, 192),
(8, 193),
(8, 194),
(8, 195),
(8, 196),
(8, 197),
(8, 198),
(8, 199),
(8, 200),
(8, 201),
(8, 202),
(8, 203),
(8, 204),
(8, 205),
(8, 206),
(8, 207),
(8, 208),
(8, 209),
(8, 210),
(8, 211),
(8, 212),
(8, 213),
(8, 214),
(8, 215),
(8, 216),
(8, 217),
(8, 218),
(8, 219),
(8, 220),
(8, 221),
(8, 222),
(8, 223),
(8, 224),
(8, 225),
(8, 226),
(8, 227),
(8, 228),
(8, 229),
(8, 230),
(8, 231),
(8, 232),
(8, 233),
(8, 234),
(8, 235),
(8, 236),
(8, 237),
(8, 238),
(8, 239),
(8, 240),
(8, 241),
(8, 242),
(8, 243),
(8, 244),
(8, 245),
(8, 246),
(8, 247),
(8, 248),
(8, 249),
(8, 250),
(8, 251),
(8, 252),
(8, 253),
(8, 254),
(8, 255),
(8, 256),
(8, 257),
(8, 258),
(8, 259),
(8, 260),
(8, 261),
(8, 262),
(8, 263),
(8, 264),
(8, 265),
(8, 266),
(8, 267),
(8, 268),
(8, 269),
(8, 270),
(8, 271),
(8, 272),
(8, 273),
(8, 274),
(8, 275),
(8, 276),
(8, 277),
(8, 278),
(8, 279),
(8, 280),
(8, 281),
(8, 282),
(8, 283),
(8, 284),
(8, 285),
(8, 286),
(8, 287),
(8, 288),
(8, 289),
(8, 290),
(8, 291),
(8, 292),
(8, 293),
(8, 294),
(8, 295),
(8, 296),
(8, 297),
(8, 298),
(8, 299),
(8, 300),
(8, 301),
(8, 302),
(8, 303),
(8, 304),
(8, 305),
(8, 306),
(8, 307),
(8, 308),
(8, 309),
(8, 310),
(8, 311),
(8, 312),
(8, 313),
(8, 314),
(8, 315),
(8, 316),
(8, 317),
(8, 318),
(8, 319),
(8, 320),
(8, 321),
(8, 322),
(8, 323),
(8, 324),
(8, 325),
(8, 326),
(8, 327),
(8, 328),
(8, 329),
(8, 330),
(8, 331),
(8, 332),
(8, 333),
(8, 334),
(9, 1),
(9, 2),
(9, 3),
(9, 4),
(9, 5),
(9, 6),
(9, 7),
(9, 8),
(9, 9),
(9, 10),
(9, 11),
(9, 12),
(9, 13),
(9, 14),
(9, 15),
(9, 16),
(9, 17),
(9, 18),
(9, 19),
(9, 20),
(9, 21),
(9, 22),
(9, 23),
(9, 24),
(9, 25),
(9, 26),
(9, 27),
(9, 28),
(9, 29),
(9, 30),
(9, 31),
(9, 32),
(9, 33),
(9, 34),
(9, 35),
(9, 36),
(9, 37),
(9, 38),
(9, 39),
(9, 40),
(9, 41),
(9, 42),
(9, 43),
(9, 44),
(9, 45),
(9, 46),
(9, 47),
(9, 48),
(9, 49),
(9, 50),
(9, 51),
(9, 52),
(9, 53),
(9, 54),
(9, 55),
(9, 56),
(9, 57),
(9, 58),
(9, 59),
(9, 60),
(9, 61),
(9, 62),
(9, 63),
(9, 64),
(9, 65),
(9, 66),
(9, 67),
(9, 68),
(9, 69),
(9, 70),
(9, 71),
(9, 72),
(9, 73),
(9, 74),
(9, 75),
(9, 76),
(9, 77),
(9, 78),
(9, 79),
(9, 80),
(9, 81),
(9, 82),
(9, 83),
(9, 84),
(9, 85),
(9, 86),
(9, 87),
(9, 88),
(9, 89),
(9, 90),
(9, 91),
(9, 92),
(9, 93),
(9, 94),
(9, 95),
(9, 96),
(9, 97),
(9, 98),
(9, 99),
(9, 100),
(9, 101),
(9, 102),
(9, 103),
(9, 104),
(9, 105),
(9, 106),
(9, 107),
(9, 108),
(9, 109),
(9, 110),
(9, 111),
(9, 112),
(9, 113),
(9, 114),
(9, 115),
(9, 116),
(9, 117),
(9, 118),
(9, 119),
(9, 120),
(9, 121),
(9, 122),
(9, 123),
(9, 124),
(9, 125),
(9, 126),
(9, 127),
(9, 128),
(9, 129),
(9, 130),
(9, 131),
(9, 132),
(9, 133),
(9, 134),
(9, 135),
(9, 136),
(9, 137),
(9, 138),
(9, 139),
(9, 140),
(9, 141),
(9, 142),
(9, 143),
(9, 144),
(9, 145),
(9, 146),
(9, 147),
(9, 148),
(9, 149),
(9, 150),
(9, 151),
(9, 152),
(9, 153),
(9, 154),
(9, 155),
(9, 156),
(9, 157),
(9, 158),
(9, 159),
(9, 160),
(9, 161),
(9, 162),
(9, 163),
(9, 164),
(9, 165),
(9, 166),
(9, 167),
(9, 168),
(9, 169),
(9, 170),
(9, 171),
(9, 172),
(9, 173),
(9, 174),
(9, 175),
(9, 176),
(9, 177),
(9, 178),
(9, 179),
(9, 180),
(9, 181),
(9, 182),
(9, 183),
(9, 184),
(9, 185),
(9, 186),
(9, 187),
(9, 188),
(9, 189),
(9, 190),
(9, 191),
(9, 192),
(9, 193),
(9, 194),
(9, 195),
(9, 196),
(9, 197),
(9, 198),
(9, 199),
(9, 200),
(9, 201),
(9, 202),
(9, 203),
(9, 204),
(9, 205),
(9, 206),
(9, 207),
(9, 208),
(9, 209),
(9, 210),
(9, 211),
(9, 212),
(9, 213),
(9, 214),
(9, 215),
(9, 216),
(9, 217),
(9, 218),
(9, 219),
(9, 220),
(9, 221),
(9, 222),
(9, 223),
(9, 224),
(9, 225),
(9, 226),
(9, 227),
(9, 228),
(9, 229),
(9, 230),
(9, 231),
(9, 232),
(9, 233),
(9, 234),
(9, 235),
(9, 236),
(9, 237),
(9, 238),
(9, 239),
(9, 240),
(9, 241),
(9, 242),
(9, 243),
(9, 244),
(9, 245),
(9, 246),
(9, 247),
(9, 248),
(9, 249),
(9, 250),
(9, 251),
(9, 252),
(9, 253),
(9, 254),
(9, 255),
(9, 256),
(9, 257),
(9, 258),
(9, 259),
(9, 260),
(9, 261),
(9, 262),
(9, 263),
(9, 264),
(9, 265),
(9, 266),
(9, 267),
(9, 268),
(9, 269),
(9, 270),
(9, 271),
(9, 272),
(9, 273),
(9, 274),
(9, 275),
(9, 276),
(9, 277),
(9, 278),
(9, 279),
(9, 280),
(9, 281),
(9, 282),
(9, 283),
(9, 284),
(9, 285),
(9, 286),
(9, 287),
(9, 288),
(9, 289),
(9, 290),
(9, 291),
(9, 292),
(9, 293),
(9, 294),
(9, 295),
(9, 296),
(9, 297),
(9, 298),
(9, 299),
(9, 300),
(9, 301),
(9, 302),
(9, 303),
(9, 304),
(9, 305),
(9, 306),
(9, 307),
(9, 308),
(9, 309),
(9, 310),
(9, 311),
(9, 312),
(9, 313),
(9, 314),
(9, 315),
(9, 316),
(9, 317),
(9, 318),
(9, 319),
(9, 320),
(9, 321),
(9, 322),
(9, 323),
(9, 324),
(9, 325),
(9, 326),
(9, 327),
(9, 328),
(9, 329),
(9, 330),
(9, 331),
(9, 332),
(9, 333),
(9, 334),
(10, 1),
(10, 2),
(10, 3),
(10, 4),
(10, 5),
(10, 6),
(10, 7),
(10, 8),
(10, 9),
(10, 10),
(10, 11),
(10, 12),
(10, 13),
(10, 14),
(10, 15),
(10, 16),
(10, 17),
(10, 18),
(10, 19),
(10, 20),
(10, 21),
(10, 22),
(10, 23),
(10, 24),
(10, 25),
(10, 26),
(10, 27),
(10, 28),
(10, 29),
(10, 30),
(10, 31),
(10, 32),
(10, 33),
(10, 34),
(10, 35),
(10, 36),
(10, 37),
(10, 38),
(10, 39),
(10, 40),
(10, 41),
(10, 42),
(10, 43),
(10, 44),
(10, 45),
(10, 46),
(10, 47),
(10, 48),
(10, 49),
(10, 50),
(10, 51),
(10, 52),
(10, 53),
(10, 54),
(10, 55),
(10, 56),
(10, 57),
(10, 58),
(10, 59),
(10, 60),
(10, 61),
(10, 62),
(10, 63),
(10, 64),
(10, 65),
(10, 66),
(10, 67),
(10, 68),
(10, 69),
(10, 70),
(10, 71),
(10, 72),
(10, 73),
(10, 74),
(10, 75),
(10, 76),
(10, 77),
(10, 78),
(10, 79),
(10, 80),
(10, 81),
(10, 82),
(10, 83),
(10, 84),
(10, 85),
(10, 86),
(10, 87),
(10, 88),
(10, 89),
(10, 90),
(10, 91),
(10, 92),
(10, 93),
(10, 94),
(10, 95),
(10, 96),
(10, 97),
(10, 98),
(10, 99),
(10, 100),
(10, 101),
(10, 102),
(10, 103),
(10, 104),
(10, 105),
(10, 106),
(10, 107),
(10, 108),
(10, 109),
(10, 110),
(10, 111),
(10, 112),
(10, 113),
(10, 114),
(10, 115),
(10, 116),
(10, 117),
(10, 118),
(10, 119),
(10, 120),
(10, 121),
(10, 122),
(10, 123),
(10, 124),
(10, 125),
(10, 126),
(10, 127),
(10, 128),
(10, 129),
(10, 130),
(10, 131),
(10, 132),
(10, 133),
(10, 134),
(10, 135),
(10, 136),
(10, 137),
(10, 138),
(10, 139),
(10, 140),
(10, 141),
(10, 142),
(10, 143),
(10, 144),
(10, 145),
(10, 146),
(10, 147),
(10, 148),
(10, 149),
(10, 150),
(10, 151),
(10, 152),
(10, 153),
(10, 154),
(10, 155),
(10, 156),
(10, 157),
(10, 158),
(10, 159),
(10, 160),
(10, 161),
(10, 162),
(10, 163),
(10, 164),
(10, 165),
(10, 166),
(10, 167),
(10, 168),
(10, 169),
(10, 170),
(10, 171),
(10, 172),
(10, 173),
(10, 174),
(10, 175),
(10, 176),
(10, 177),
(10, 178),
(10, 179),
(10, 180),
(10, 181),
(10, 182),
(10, 183),
(10, 184),
(10, 185),
(10, 186),
(10, 187),
(10, 188),
(10, 189),
(10, 190),
(10, 191),
(10, 192),
(10, 193),
(10, 194),
(10, 195),
(10, 196),
(10, 197),
(10, 198),
(10, 199),
(10, 200),
(10, 201),
(10, 202),
(10, 203),
(10, 204),
(10, 205),
(10, 206),
(10, 207),
(10, 208),
(10, 209),
(10, 210),
(10, 211),
(10, 212),
(10, 213),
(10, 214),
(10, 215),
(10, 216),
(10, 217),
(10, 218),
(10, 219),
(10, 220),
(10, 221),
(10, 222),
(10, 223),
(10, 224),
(10, 225),
(10, 226),
(10, 227),
(10, 228),
(10, 229),
(10, 230),
(10, 231),
(10, 232),
(10, 233),
(10, 234),
(10, 235),
(10, 236),
(10, 237),
(10, 238),
(10, 239),
(10, 240),
(10, 241),
(10, 242),
(10, 243),
(10, 244),
(10, 245),
(10, 246),
(10, 247),
(10, 248),
(10, 249),
(10, 250),
(10, 251),
(10, 252),
(10, 253),
(10, 254),
(10, 255),
(10, 256),
(10, 257),
(10, 258),
(10, 259),
(10, 260),
(10, 261),
(10, 262),
(10, 263),
(10, 264),
(10, 265),
(10, 266),
(10, 267),
(10, 268),
(10, 269),
(10, 270),
(10, 271),
(10, 272),
(10, 273),
(10, 274),
(10, 275),
(10, 276),
(10, 277),
(10, 278),
(10, 279),
(10, 280),
(10, 281),
(10, 282),
(10, 283),
(10, 284),
(10, 285),
(10, 286),
(10, 287),
(10, 288),
(10, 289),
(10, 290),
(10, 291),
(10, 292),
(10, 293),
(10, 294),
(10, 295),
(10, 296),
(10, 297),
(10, 298),
(10, 299),
(10, 300),
(10, 301),
(10, 302),
(10, 303),
(10, 304),
(10, 305),
(10, 306),
(10, 307),
(10, 308),
(10, 309),
(10, 310),
(10, 311),
(10, 312),
(10, 313),
(10, 314),
(10, 315),
(10, 316),
(10, 317),
(10, 318),
(10, 319),
(10, 320),
(10, 321),
(10, 322),
(10, 323),
(10, 324),
(10, 325),
(10, 326),
(10, 327),
(10, 328),
(10, 329),
(10, 330),
(10, 331),
(10, 332),
(10, 333),
(10, 334),
(40, 336),
(41, 336),
(42, 336),
(47, 336),
(48, 336),
(50, 335),
(53, 336),
(54, 336),
(55, 346),
(56, 346),
(57, 346);

-- --------------------------------------------------------

--
-- Cấu trúc bảng cho bảng `user`
--

CREATE TABLE `user` (
  `email` varchar(255) NOT NULL,
  `first_name` varchar(255) NOT NULL,
  `last_name` varchar(255) NOT NULL,
  `phone` varchar(255) DEFAULT NULL,
  `img_url` varchar(255) DEFAULT NULL,
  `password` varchar(255) DEFAULT NULL,
  `is_register` bit(1) DEFAULT NULL,
  `address` varchar(255) DEFAULT NULL,
  `birthday` date DEFAULT NULL,
  `status` tinyint(4) DEFAULT NULL
) ENGINE=InnoDB DEFAULT CHARSET=utf8mb4 COLLATE=utf8mb4_general_ci;

--
-- Đang đổ dữ liệu cho bảng `user`
--

INSERT INTO `user` (`email`, `first_name`, `last_name`, `phone`, `img_url`, `password`, `is_register`, `address`, `birthday`, `status`) VALUES
('aaa1@gmail.com', 'aaa', 'ccc', '0900288371', NULL, '$2a$10$9L5KJ12w5d0//gaZxzmecuyqy0g8id7wpT6OrNW1k2P/J3fMaHeOm', b'1', 'HCM', '2029-05-03', 1),
('aaa@gmail.com', 'A', 'Nguyen', '0900288371', NULL, '$2a$10$CGr/aj8p8pRqletj4TdyLeShmjwiz4S8xmqEiVXeCFDGWaWnuzzK6', NULL, 'HCM', '2024-10-06', 1),
('admin@gmail.com', 'custommmer', 'Tài Khoản', '0357889900', NULL, '$2a$10$eB9OKFcdK7X8f91KgzqRy.ju2RB2bdc3seJKdsdfzRQbWj98Tzye', b'1', 'An Khánh, Ninh Kiều, Cần Thơ', NULL, NULL),
('anhhoang@gmail.com', 'Anh Hoàng', 'Nguyễn Hữu', '0337659836', NULL, 'abc123', b'1', NULL, NULL, NULL),
('anhnam@gmail.com', 'Anh Nam', 'Lê', '0337659824', NULL, '$2a$10$7Ehgr1Le7cb4GPRaQT2eHeE4fXpA7VsToOP8UNYEeuNfdJ2bVLe62', b'1', NULL, NULL, NULL),
('bachhieu0172@gmail.com', 'cba', 'abc', '0900288372', 'https://res.cloudinary.com/dbasr47sq/image/upload/v1730392927/tazcdnajstlzu3jehudf.jpg', '$2a$10$/5wXiIy9izkstQsltWbJ7eKQT/WMqMBv8IvH5U.1UQzWhU7Hazzwy', NULL, 'HCM', '2024-10-05', 1),
('congbinh@gmail.com', 'Cong', 'Binh', NULL, NULL, NULL, NULL, NULL, NULL, 1),
('duyhuy@gmail.com', 'Duy Huy', 'Mạc', '0337659818', NULL, '$2a$10$EcZKceZR9NGcZdqpMmgE0uPJN3yY0ka0N4PkIxq2qdFfAjMAiAT.G', b'1', NULL, NULL, NULL),
('duyhuynh@gmail.com', 'Duy', 'Huynh', NULL, NULL, NULL, NULL, NULL, NULL, 1),
('employee@gmail.com', 'Nhân Viên', 'Tài khoản', '0456456456', NULL, '$2a$10$OCyyZ9/kGaAY8UA6ibe98O4hqKMqDhVd3uSMU/Mi7CmxLTPtGd6n6', b'1', NULL, NULL, NULL),
('giathinh@gmail.com', 'Gia', 'Thinh', NULL, NULL, NULL, NULL, NULL, NULL, 1),
('helloworld@gmail.com', 'world', 'hello', '0908473772', NULL, '$2a$10$qvrxEhoqX1UnISd1K1ChYOoJWJCkOOmmjU1moO8hqxaYqAIduTvU.', b'1', NULL, NULL, 1),
('hoangduy@gmail.com', 'Hoang', 'Duy', NULL, NULL, NULL, NULL, NULL, NULL, 1),
('hoangthang@gmail.com', 'Hoang', 'Thang', NULL, NULL, NULL, NULL, NULL, NULL, 1),
('hoathu@gmail.com', 'Hoa', 'Thu', NULL, NULL, NULL, NULL, NULL, NULL, 1),
('hongson@gmail.com', 'Hong', 'Son', NULL, NULL, NULL, NULL, NULL, NULL, 1),
('huulong@gmail.com', 'Huu', 'Long', NULL, NULL, NULL, NULL, NULL, NULL, 1),
('huutri@gmail.com', 'Huu', 'Tri', NULL, NULL, NULL, NULL, NULL, NULL, 1),
('huyphuoc@gmail.com', 'Huy', 'Phuoc', NULL, NULL, NULL, NULL, NULL, NULL, 1),
('khanh@gmail.com', 'Khanh', '', NULL, NULL, NULL, NULL, NULL, NULL, 1),
('luuthienviet@gmail.com', 'Luu', 'Thien Viet', NULL, NULL, NULL, NULL, NULL, NULL, 1),
('ngoc@gmail.com', 'Ngoc', '', NULL, NULL, NULL, NULL, NULL, NULL, 1),
('nhatlinh@gmail.com', 'Nhat', 'Linh', NULL, NULL, NULL, NULL, NULL, NULL, 1),
('nqbao20042003@gmail.com', 'Bảo', 'Nguyễn Quốc', '0364247653', '/src/assets/avatar-default.png', '$2a$10$Nj.Pv0HPdlG6XQDxU0cp8eDP/5sL6.Lj4Xj7piP7vtBMPABD0UenK', b'1', '1159B Trần Hưng Đạo', '2003-04-20', 1),
('phamanh@gmail.com', 'Pham', 'Anh', NULL, NULL, NULL, NULL, NULL, NULL, 1),
('phonghao@gmail.com', 'Phong', 'Hao', NULL, NULL, NULL, NULL, NULL, NULL, 1),
('quocdat@gmail.com', 'Quoc', 'Dat', NULL, NULL, NULL, NULL, NULL, NULL, 1),
('quochai@gmail.com', 'Quoc', 'Hai', NULL, NULL, NULL, NULL, NULL, NULL, 1),
('sibe@gmail.com', 'Si', 'Be', NULL, NULL, NULL, NULL, NULL, NULL, 1),
('thaike@gmail.com', 'Thai', 'Ke', NULL, NULL, NULL, NULL, NULL, NULL, 1),
('thaitrieu@gmail.com', 'Thai', 'Trieu', NULL, NULL, NULL, NULL, NULL, NULL, 1),
('thanhlam@gmail.com', 'Thanh', 'Lam', NULL, NULL, NULL, NULL, NULL, NULL, 1),
('thienviet@gmail.com', 'Thien', 'Viet', NULL, NULL, NULL, NULL, NULL, NULL, 1),
('tuankhoa@gmail.com', 'Tuan', 'Khoa', NULL, NULL, NULL, NULL, NULL, NULL, 1),
('user@gmail.com', 'Hành Khách', 'Tài khoản', '0789789789', NULL, '$2a$10$A01fmNfEGa6nPzFOIpkeU.DjvTv.A7aF3JVC9Ny4W26qwG7RgYI06', b'1', NULL, NULL, NULL),
('vanphap@gmail.com', 'Van', 'Phap', NULL, NULL, NULL, NULL, NULL, NULL, 1),
('vantra@gmail.com', 'Van', 'Tra', NULL, NULL, NULL, NULL, NULL, NULL, 1),
('xuanphu@gmail.com', 'Xuan', 'Phu', NULL, NULL, NULL, NULL, NULL, NULL, 1);

--
-- Chỉ mục cho các bảng đã đổ
--

--
-- Chỉ mục cho bảng `bus`
--
ALTER TABLE `bus`
  ADD PRIMARY KEY (`bus_id`),
  ADD UNIQUE KEY `license_plate` (`license_plate`),
  ADD KEY `FK_BUS_THUOC_LOA_BUSTYPE` (`type_id`);

--
-- Chỉ mục cho bảng `bus_type`
--
ALTER TABLE `bus_type`
  ADD PRIMARY KEY (`type_id`);

--
-- Chỉ mục cho bảng `dates`
--
ALTER TABLE `dates`
  ADD PRIMARY KEY (`date_id`);

--
-- Chỉ mục cho bảng `driver`
--
ALTER TABLE `driver`
  ADD PRIMARY KEY (`driver_id`),
  ADD KEY `FK_DRIVER_TAI_XE2_USER` (`email`);

--
-- Chỉ mục cho bảng `driver_bus`
--
ALTER TABLE `driver_bus`
  ADD PRIMARY KEY (`driver_id`),
  ADD KEY `bus_id` (`bus_id`);

--
-- Chỉ mục cho bảng `location`
--
ALTER TABLE `location`
  ADD PRIMARY KEY (`location_id`),
  ADD UNIQUE KEY `location_name` (`location_name`,`location_code`);

--
-- Chỉ mục cho bảng `reset_password`
--
ALTER TABLE `reset_password`
  ADD PRIMARY KEY (`reset_pwd_id`),
  ADD KEY `email` (`email`);

--
-- Chỉ mục cho bảng `role`
--
ALTER TABLE `role`
  ADD PRIMARY KEY (`role_id`);

--
-- Chỉ mục cho bảng `role_user`
--
ALTER TABLE `role_user`
  ADD PRIMARY KEY (`role_id`,`email_user`),
  ADD KEY `role_id` (`role_id`,`email_user`),
  ADD KEY `fk_user_role` (`email_user`);

--
-- Chỉ mục cho bảng `route`
--
ALTER TABLE `route`
  ADD PRIMARY KEY (`route_id`),
  ADD KEY `origin_id` (`origin_id`,`destination_id`),
  ADD KEY `fk_destination_location` (`destination_id`);

--
-- Chỉ mục cho bảng `route_point`
--
ALTER TABLE `route_point`
  ADD PRIMARY KEY (`point_id`),
  ADD KEY `location_id` (`location_id`);

--
-- Chỉ mục cho bảng `seat`
--
ALTER TABLE `seat`
  ADD PRIMARY KEY (`seat_id`),
  ADD UNIQUE KEY `seat_code` (`seat_code`);

--
-- Chỉ mục cho bảng `ticket`
--
ALTER TABLE `ticket`
  ADD PRIMARY KEY (`ticket_id`),
  ADD KEY `email` (`email`,`trip_id`,`pick_up_location`),
  ADD KEY `fk_ticket_trip` (`trip_id`),
  ADD KEY `fk_ticket_pickup` (`pick_up_location`);

--
-- Chỉ mục cho bảng `ticket_seat`
--
ALTER TABLE `ticket_seat`
  ADD PRIMARY KEY (`ticket_id`,`seat_id`),
  ADD KEY `ticket_id` (`ticket_id`,`seat_id`),
  ADD KEY `fk_seat_ticket` (`seat_id`);

--
-- Chỉ mục cho bảng `trip`
--
ALTER TABLE `trip`
  ADD PRIMARY KEY (`trip_id`),
  ADD KEY `route_id` (`route_id`,`bus_id`),
  ADD KEY `fk_trip_bus` (`bus_id`);

--
-- Chỉ mục cho bảng `trip_date`
--
ALTER TABLE `trip_date`
  ADD PRIMARY KEY (`trip_id`,`date_id`),
  ADD KEY `trip_id` (`trip_id`,`date_id`),
  ADD KEY `fk_tripdate_date` (`date_id`);

--
-- Chỉ mục cho bảng `user`
--
ALTER TABLE `user`
  ADD PRIMARY KEY (`email`);

--
-- AUTO_INCREMENT cho các bảng đã đổ
--

--
-- AUTO_INCREMENT cho bảng `dates`
--
ALTER TABLE `dates`
  MODIFY `date_id` int(11) NOT NULL AUTO_INCREMENT, AUTO_INCREMENT=374;

--
-- AUTO_INCREMENT cho bảng `reset_password`
--
ALTER TABLE `reset_password`
  MODIFY `reset_pwd_id` int(11) NOT NULL AUTO_INCREMENT, AUTO_INCREMENT=24;

--
-- AUTO_INCREMENT cho bảng `route`
--
ALTER TABLE `route`
  MODIFY `route_id` int(11) NOT NULL AUTO_INCREMENT, AUTO_INCREMENT=11;

--
-- AUTO_INCREMENT cho bảng `trip`
--
ALTER TABLE `trip`
  MODIFY `trip_id` int(11) NOT NULL AUTO_INCREMENT, AUTO_INCREMENT=58;

--
-- Các ràng buộc cho các bảng đã đổ
--

--
-- Các ràng buộc cho bảng `bus`
--
ALTER TABLE `bus`
  ADD CONSTRAINT `fk_bus_type` FOREIGN KEY (`type_id`) REFERENCES `bus_type` (`type_id`);

--
-- Các ràng buộc cho bảng `driver`
--
ALTER TABLE `driver`
  ADD CONSTRAINT `fk_driver_user` FOREIGN KEY (`email`) REFERENCES `user` (`email`);

--
-- Các ràng buộc cho bảng `driver_bus`
--
ALTER TABLE `driver_bus`
  ADD CONSTRAINT `fk_bus_driver` FOREIGN KEY (`bus_id`) REFERENCES `bus` (`bus_id`),
  ADD CONSTRAINT `fk_driver_bus` FOREIGN KEY (`driver_id`) REFERENCES `driver` (`driver_id`);

--
-- Các ràng buộc cho bảng `reset_password`
--
ALTER TABLE `reset_password`
  ADD CONSTRAINT `fk_reset_pwd_user` FOREIGN KEY (`email`) REFERENCES `user` (`email`);

--
-- Các ràng buộc cho bảng `role_user`
--
ALTER TABLE `role_user`
  ADD CONSTRAINT `fk_role_user` FOREIGN KEY (`role_id`) REFERENCES `role` (`role_id`),
  ADD CONSTRAINT `fk_user_role` FOREIGN KEY (`email_user`) REFERENCES `user` (`email`);

--
-- Các ràng buộc cho bảng `route`
--
ALTER TABLE `route`
  ADD CONSTRAINT `fk_destination_location` FOREIGN KEY (`destination_id`) REFERENCES `location` (`location_id`),
  ADD CONSTRAINT `fk_origin_location` FOREIGN KEY (`origin_id`) REFERENCES `location` (`location_id`);

--
-- Các ràng buộc cho bảng `route_point`
--
ALTER TABLE `route_point`
  ADD CONSTRAINT `fk_route_point_location` FOREIGN KEY (`location_id`) REFERENCES `location` (`location_id`);

--
-- Các ràng buộc cho bảng `ticket`
--
ALTER TABLE `ticket`
  ADD CONSTRAINT `fk_ticket_email` FOREIGN KEY (`email`) REFERENCES `user` (`email`),
  ADD CONSTRAINT `fk_ticket_pickup` FOREIGN KEY (`pick_up_location`) REFERENCES `route_point` (`point_id`),
  ADD CONSTRAINT `fk_ticket_trip` FOREIGN KEY (`trip_id`) REFERENCES `trip` (`trip_id`);

--
-- Các ràng buộc cho bảng `ticket_seat`
--
ALTER TABLE `ticket_seat`
  ADD CONSTRAINT `FK6fvy4rkjntfbumyqtf584g2wk` FOREIGN KEY (`ticket_id`) REFERENCES `ticket` (`ticket_id`),
  ADD CONSTRAINT `FKmt3gdaoed0h6e41cu17t8bhvs` FOREIGN KEY (`seat_id`) REFERENCES `seat` (`seat_id`);

--
-- Các ràng buộc cho bảng `trip`
--
ALTER TABLE `trip`
  ADD CONSTRAINT `fk_trip_bus` FOREIGN KEY (`bus_id`) REFERENCES `bus` (`bus_id`),
  ADD CONSTRAINT `fk_trip_route` FOREIGN KEY (`route_id`) REFERENCES `route` (`route_id`);

--
-- Các ràng buộc cho bảng `trip_date`
--
ALTER TABLE `trip_date`
  ADD CONSTRAINT `FK410aswsac51gl49yc0at339g9` FOREIGN KEY (`date_id`) REFERENCES `dates` (`date_id`),
  ADD CONSTRAINT `FKe8428lp2850funo2hldx495uj` FOREIGN KEY (`trip_id`) REFERENCES `trip` (`trip_id`);
COMMIT;

/*!40101 SET CHARACTER_SET_CLIENT=@OLD_CHARACTER_SET_CLIENT */;
/*!40101 SET CHARACTER_SET_RESULTS=@OLD_CHARACTER_SET_RESULTS */;
/*!40101 SET COLLATION_CONNECTION=@OLD_COLLATION_CONNECTION */;
